曲线开始时间: ,,,Thu Apr 16 04:09:01 2009,,,,,,,,
,,,,,,,,,,,
产品名称: ,,,Reflow Demo,,,,,,,,
制程界限名称: ,,,System Default,,,,,,,,
炉子名称: ,,,8 Zone Oven,,,,,,,,
制程界限描述: ,,,Enter your Process Spec description here...,,,,,,,,
炉子食谱名称: ,,,,,,,,,,,
温度曲线描述: ,,,Maximize Conveyor Speed (Actual),,,,,,,,
产品长度 (英寸): ,,,0,,,,,,,,
产品阔度 (英寸): ,,,0,,,,,,,,
产品重量 (克): ,,,0,,,,,,,,
传送带速度单位: ,,,英寸/分,,,,,,,,
温度标度: ,,,摄氏度,,,,,,,,
SetpointAlignmentMethod=0,,,PercentageOfProfileToLookForFirstZone=33,,,,,,,,
MaxSlopeWidthInPointsToAlignSetpoints=5,,,,,MinFirstSetpointPosition=0.0,,,,,MaxFirstSetpointPosition=25.0,
fAirTCPeakShouldBeTheHottestByAtleastThisManyDegrees=5.0,,,,,fAirTCIncreasedByThisManyDegrees=0.0,,,,,,
fReportAnErrorIfAirTCPeakIsCoolerByMoreThanThisManyDegrees=10.0,,,,,,,,,,,
,,,,,,,,,,,
固化界限大小(秒)= 60,,,,固化界限大小(度)=6.0,,,,,温度曲线种类:锡膏回流,,
"有效热电偶=2, 3, 4, ",,,炉子长度=171.42,,,温区设定数量=8,,,,,
,,,,,,,,,,,
曲线最佳化设置:,,,,,,,,,,,
,允许温区温度变化=1,,,,,,,,,,
,允许传送带速度变化=1,,,,最低传送带速度=5.0,,,,最高传送带速度=60.0,,
,Navigator 计算方式= 最低化制程界限指数(PWI),,,,,,,,,,
,,,,,,,,,,,
,,,,,,,,,,,
,,,,,,,,,,,
,,,,,,,,,,,
温区,,,1,2,3,4,5,6,7,8,
,,,,,,,,,,,
温区设定位置: ,,,,,,,,,,,
相关温区阔度: ,,,12,12,12,12,12,12,12,10,
最高温区温度设定: ,,,300,300,300,300,300,300,300,300,
最低温区温度设定: ,,,70,70,70,70,70,70,70,70,
,,,,,,,,,,,
低部上升温区之间的最大设定差异: ,,,100,100,100,100,100,100,100,,
上升温区的最大设定差异: ,,,60,60,60,60,60,60,60,,
上升温区的最大设定差异比率: ,,,1,1,1,1,1,1,1,,
最高上升斜率拦截: ,,,0.4,-20,,,,,,,
,,,,,,,,,,,
下区温度下降的最大温区设定差异: ,,,,100,100,100,100,100,100,100,
下降温区的最高温度设定差异: ,,,,50,50,50,50,50,50,50,
下降温区的温度设定最大差异比率: ,,,,1,1,1,1,1,1,1,
最高下降斜率拦截: ,,,,0.3,-20,,,,,,
,,,,,,,,,,,
下区的最大山谷区温度设定最大差异: ,,,,100,100,100,100,100,100,,
最高山谷区的温度设定差异: ,,,,50,50,50,50,50,50,,
山谷区的温度设定差异比率: ,,,,2.5,2.5,2.5,2.5,2.5,2.5,,
最高山谷区斜率拦截: ,,,,0,-20,,,,,,
,,,,,,,,,,,
上温区设定:,,,,,,,,,,,
下温区设定:,,,,,,,,,,,
,,,,,,,,,,,
原本平均温度设定: ,,,,,,,,,,,
新的平均温度设定:,,,KIC 软件钥匙还没接上计算机,,,,,,,,
传送带速度,,,,,,,,,,,
,,,,,,,,,,,
BL PWI,,,76.45%,,,,,,,,
,,,,,,,,,,,
统计数字:,,,TC-2,TC-3,,,,,,,
最高上升斜率,,,1.91,1.77,,,,,,,
恒温时间,,,68.61,72.63,,,,,,,
回流时间,,,48.53,54.73,,,,,,,
最高温度 ,,,247.14,249.28,,,,,,,
,,,,,,,,,,,
,,,,,,,,,,,
,,,,,,,,,,,
,,,,,,,,,,,
,,,,,,,,,,,
,,,,,,,,,,,
,,,,,,,,,,,
,,,,,,,,,,,
,,,,,,,,,,,
,,,,,,,,,,,
,,,,,,,,,,,
,,,,,,,,,,,
,,,,,,,,,,,
,,,,,,,,,,,
,,,,,,,,,,,
,,,,,,,,,,,
,,,,,,,,,,,
,,,,,,,,,,,
,,,,,,,,,,,
,,,,,,,,,,,
,,,,,,,,,,,
,,,,,,,,,,,
,,,,,,,,,,,
,,,,,,,,,,,
,,,,,,,,,,,
,,,,,,,,,,,
,,,,,,,,,,,
,,,,,,,,,,,
,,,,,,,,,,,
,,,,,,,,,,,
,,,,,,,,,,,
,,,,,,,,,,,
,,,,,,,,,,,
,,,,,,,,,,,
统计数界限:,,,低 2, 目标 2, 高 2,低 3, 目标 3, 高 3,,,
最高上升斜率,,,0,2,4,0,2,4,,,
恒温时间,,,60,90,120,60,90,120,,,
回流时间,,,45,60,75,45,60,75,,,
最高温度 ,,,235,245,255,235,245,255,,,
,,,,,,,,,,,
,,,,,,,,,,,
,,,,,,,,,,,
,,,,,,,,,,,
,,,,,,,,,,,
,,,,,,,,,,,
,,,,,,,,,,,
,,,,,,,,,,,
,,,,,,,,,,,
,,,,,,,,,,,
,,,,,,,,,,,
,,,,,,,,,,,
,,,,,,,,,,,
,,,,,,,,,,,
,,,,,,,,,,,
,,,,,,,,,,,
,,,,,,,,,,,
,,,,,,,,,,,
,,,,,,,,,,,
,,,,,,,,,,,
,,,,,,,,,,,
,,,,,,,,,,,
,,,,,,,,,,,
,,,,,,,,,,,
,,,,,,,,,,,
,,,,,,,,,,,
,,,,,,,,,,,
,,,,,,,,,,,
,,,,,,,,,,,
,,,,,,,,,,,
,,,,,,,,,,,
入口温度=35.28,,,,,,,,,,,
出口温度=32.00,,,,,,,,,,,
未经处理,BL 未经处理温度,,,,Internal Temp,重组数据:,温度:,,,,
秒,TC1,TC2,TC3,TC4,,秒,TC1,TC2,TC3,TC4,设定
0,35.28,25.67,25.62,25.95,30.23,0,35.28,26.28,26.84,,
0.25,34.78,25.67,25.62,26.01,30.23,0.71,38.23,26.34,26.94,,
0.5,34.95,25.67,25.67,26.01,30.23,1.42,42.41,26.49,27.16,,
0.75,38.84,25.78,25.62,26.01,30.23,2.13,45.74,26.6,27.34,,
1,41.4,25.73,25.62,26.01,30.23,2.84,49.51,26.7,27.51,,
1.25,40.84,25.78,25.67,26.01,30.23,3.56,50.74,26.84,27.75,,
1.5,43.12,25.84,25.67,26.01,30.23,4.27,55.99,26.96,27.96,,
1.75,45.4,25.84,25.67,26.01,30.23,4.98,60.13,27.18,28.48,,
2,46.51,25.9,25.67,26.01,30.23,5.69,65.33,27.44,29.46,,
2.25,45.06,25.9,25.78,26.06,30.23,6.4,67.4,27.74,30.83,,
2.5,46.17,25.84,25.67,26.01,30.23,7.11,68.35,28.16,32.68,,
2.75,48.84,25.9,25.73,26.06,30.23,7.82,71.06,28.93,34.7,,
3,50.62,25.95,25.9,25.51,30.23,8.53,72.57,29.75,37.58,,
3.25,48.95,25.95,25.78,26.06,30.23,9.24,72.33,30.49,40.42,,
3.5,50.28,25.95,25.84,26.06,30.23,9.95,71.64,31.33,42.23,,
3.75,52.34,25.95,25.78,26.06,30.23,10.66,80.24,32.29,43.8,,
4,54.51,26.01,25.84,26.06,30.23,11.38,82.2,33.24,45.06,,
4.25,55.95,26.06,25.84,26.12,30.23,12.09,83.14,34.01,46.97,,
4.5,56.51,26.06,25.84,26.06,30.23,12.8,82.33,35.12,49.16,,
4.75,58.56,26.12,25.84,26.06,30.23,13.51,86.68,36.26,50.57,,
5,60.28,26.06,25.9,26.12,30.23,14.22,86.24,37.75,51.62,,
5.25,62.06,26.17,25.9,26.12,30.23,14.93,85.82,39.91,52.47,,
5.5,64.12,26.17,25.9,26.12,30.23,15.64,86.5,41.79,53.99,,
5.75,65.73,26.23,25.84,26.12,30.23,16.35,89.42,43.3,55.62,,
6,67.34,26.28,25.9,26.12,30.23,17.06,90.83,44.61,57.02,,
6.25,67.4,26.28,25.9,26.23,30.23,17.78,91.21,45.91,57.86,,
6.5,67.4,26.34,25.95,26.17,30.23,18.49,92.75,47.51,58.7,,
6.75,67.95,26.34,25.9,26.12,30.23,19.2,93.56,49.78,60.12,,
7,67.84,26.34,25.95,26.23,30.23,19.91,94.12,51.85,61.42,,
7.25,69.01,26.4,25.95,26.23,30.23,20.62,94.26,53.69,62.25,,
7.5,70.28,26.51,26.01,26.28,30.23,21.33,93.89,55.19,62.6,,
7.75,70.73,26.56,26.01,26.23,30.23,22.04,93.84,56.29,62.66,,
8,71.9,26.56,26.06,26.28,30.17,22.75,94.68,57.34,62.62,,
8.25,72.56,26.62,26.12,26.28,30.23,23.46,95.87,58.4,62.77,,
8.5,72.56,26.56,26.06,26.23,30.23,24.17,95.75,59.6,62.99,,
8.75,72.62,26.67,26.06,26.28,30.23,24.89,95.73,60.72,63.37,,
9,71.9,26.73,26.12,26.28,30.23,25.6,97.07,62.25,63.81,,
9.25,72.34,26.73,26.17,26.28,30.23,26.31,99.72,63.89,64.36,,
9.5,73.12,26.84,26.12,26.34,30.17,27.02,101.21,65.43,64.85,,
9.75,73.73,26.84,26.23,26.34,30.17,27.73,102.22,66.75,65.43,,
10,71.17,26.95,26.23,26.34,30.23,28.44,102.88,67.75,65.87,,
10.25,72.62,26.95,26.28,26.4,30.17,29.15,103.19,68.65,66.31,,
10.5,77.23,27.01,26.28,26.45,30.23,29.86,104.13,69.55,66.64,,
10.75,81.78,27.17,26.34,26.4,30.23,30.57,105.37,69.9,67,,
11,82.12,27.17,26.34,26.4,30.17,31.28,106.62,70.2,67.54,,
11.25,81.78,27.23,26.34,26.4,30.23,32,108.44,70.42,68.5,,
11.5,82.62,27.34,26.4,26.51,30.17,32.71,109.76,70.94,69.9,,
11.75,83.45,27.45,26.45,26.51,30.17,33.42,110.67,71.32,71.37,,
12,83.9,27.45,26.51,26.51,30.23,34.13,111.93,71.84,73.32,,
12.25,81.73,27.62,26.45,26.45,30.23,34.84,112.98,72.37,75.7,,
12.5,81.12,27.78,26.51,26.51,30.23,35.55,113.25,73.03,77.84,,
12.75,81.9,27.9,26.51,26.56,30.17,36.26,113.12,73.69,79.19,,
13,84.17,28.06,26.56,26.56,30.17,36.97,112.97,74.13,80.46,,
13.25,85.73,28.23,26.62,26.51,30.17,37.68,112.07,74.81,81.37,,
13.5,86.67,28.51,26.73,26.67,30.17,38.39,112.04,75.32,82.86,,
13.75,86.84,28.78,26.73,26.73,30.23,39.1,112.75,75.91,84.49,,
14,86.34,29.12,26.78,26.84,30.23,39.82,113.4,76.46,85.69,,
14.25,86.23,29.45,26.84,26.95,30.17,40.53,114.01,76.99,86.63,,
14.5,85.78,29.67,26.84,27.17,30.17,41.24,115.15,77.75,87.21,,
14.75,85.62,29.95,26.9,27.4,30.17,41.95,116.22,78.54,88.25,,
15,85.9,30.23,26.9,27.67,30.23,42.66,117.56,79.59,89.7,,
15.25,85.78,30.45,26.95,27.78,30.17,43.37,118.56,80.82,90.61,,
15.5,86.34,30.78,27.06,27.84,30.23,44.08,118.71,82.14,91.23,,
15.75,86.62,31.06,27.12,27.84,30.17,44.79,119.63,83.34,91.89,,
16,88.17,31.34,27.17,27.9,30.17,45.5,120.45,84.7,92.95,,
16.25,89.12,31.67,27.28,28.06,30.23,46.22,120.88,85.95,94.06,,
16.5,89.84,32.06,27.34,28.06,30.17,46.93,121.12,87,94.73,,
16.75,90.28,32.34,27.34,27.95,30.17,47.64,121.21,87.77,94.98,,
17,90.73,32.73,27.4,28.06,30.23,48.35,121.54,89.03,94.91,,
17.25,91.12,33.06,27.45,28.06,30.17,49.06,122.6,91.06,94.84,,
17.5,91.28,33.34,27.62,28.06,30.17,49.77,123.06,92.87,94.84,,
17.75,91.17,33.56,27.62,28.06,30.17,50.48,123.02,94.33,94.9,,
18,91.51,33.84,27.73,28.06,30.17,51.19,122.98,95.69,95.06,,
18.25,92.23,34.17,27.84,28.06,30.17,51.9,123.66,96.7,95.39,,
18.5,92.78,34.62,27.9,28.12,30.17,52.61,124.9,97.63,95.67,,
18.75,92.78,35.01,27.95,28.12,30.17,53.33,125.58,98.3,95.94,,
19,93.12,35.34,28.06,28.12,30.17,54.04,125.51,98.83,96.3,,
19.25,93.67,35.73,28.23,28.17,30.17,54.75,125.62,99.25,96.62,,
19.5,93.95,36.17,28.51,28.17,30.17,55.46,125.97,99.67,96.99,,
19.75,94.12,36.62,28.78,28.23,30.17,56.17,126.86,100.68,97.34,,
20,94.12,37.06,29.17,28.23,30.17,56.88,127.7,101.41,97.79,,
20.25,94.28,37.73,29.56,28.34,30.17,57.59,128.65,102.09,98.38,,
20.5,94.23,38.45,30.01,28.51,30.17,58.3,128.17,102.4,99.55,,
20.75,94.28,39.23,30.51,28.56,30.17,59.01,127.89,102.4,101.37,,
21,93.84,40.01,31.06,28.62,30.17,59.72,128.01,102.45,103.54,,
21.25,93.84,40.84,31.67,28.73,30.17,60.44,128.66,102.56,105.94,,
21.5,94.01,41.4,32.4,28.84,30.17,61.15,128.53,102.71,108.86,,
21.75,94.06,41.95,33.06,28.95,30.17,61.86,129.2,103.07,111.32,,
22,93.9,42.51,33.73,29.06,30.17,62.57,131.52,103.47,112.66,,
22.25,93.56,43.12,34.45,29.4,30.17,63.28,136.76,104.01,113.76,,
22.5,94.23,43.45,35.34,29.9,30.17,63.99,141.6,104.64,114.76,,
22.75,94.67,43.95,36.34,29.95,30.17,64.7,146.15,105.11,116.74,,
23,95.28,44.45,37.45,30.12,30.17,65.41,149.06,106.08,118.47,,
23.25,95.73,44.84,38.56,30.51,30.17,66.12,152.09,107.03,119.61,,
23.5,95.9,45.34,39.56,30.73,30.17,66.83,152.6,108.17,120.39,,
23.75,95.9,45.78,40.45,31.06,30.17,67.55,153.3,109.17,121.1,,
24,95.78,46.28,41.12,31.45,30.17,68.26,154.13,110.24,122.57,,
24.25,95.73,46.9,41.78,31.78,30.17,68.97,155.44,111.29,123.94,,
24.5,95.62,47.45,42.34,32.06,30.17,69.68,155.44,112.39,124.89,,
24.75,95.67,48.12,43.06,32.28,30.17,70.39,155.1,113.46,125.46,,
25,95.78,48.95,43.51,32.67,30.17,71.1,155.57,114.64,126.19,,
25.25,96.28,49.84,43.95,33.34,30.17,71.81,156.16,116.04,127.68,,
25.5,96.84,50.62,44.4,33.84,30.17,72.52,156.58,117.14,129.03,,
25.75,97.45,51.28,44.78,34.23,30.17,73.23,156.85,118.56,129.71,,
26,98.34,52.01,45.34,34.73,30.17,73.94,157.31,120.56,129.95,,
26.25,99.51,52.73,45.95,35.17,30.17,74.66,158.04,122.56,129.92,,
26.5,100.45,53.34,46.73,35.62,30.17,75.37,159.49,124.65,129.7,,
26.75,100.84,53.9,47.45,35.95,30.17,76.08,160.67,126.01,129.67,,
27,101.17,54.51,48.28,36.45,30.17,76.79,161.62,127.57,129.62,,
27.25,101.73,55.01,49.06,37.01,30.17,77.5,162.12,128.9,129.67,,
27.5,102.12,55.4,49.62,37.4,30.17,78.21,163.06,129.95,129.89,,
27.75,102.23,55.78,50.12,37.95,30.17,78.92,164.62,130.94,130.16,,
28,102.51,56.17,50.56,38.51,30.17,79.63,165.42,131.73,130.54,,
28.25,102.84,56.56,50.9,39.06,30.17,80.34,165.75,132.18,130.87,,
28.5,102.9,56.95,51.28,39.51,30.17,81.05,166.01,132.58,131.28,,
28.75,102.9,57.28,51.67,40.06,30.17,81.76,166.24,132.91,131.57,,
29,102.95,57.62,51.95,40.56,30.17,82.48,166.76,133.4,131.95,,
29.25,103.34,57.95,52.23,40.95,30.17,83.19,167.19,133.56,132.37,,
29.5,103.56,58.4,52.56,41.23,30.17,83.9,167.51,133.76,132.86,,
29.75,103.95,58.9,53.06,41.51,30.17,84.61,168.01,134.14,133.51,,
30,104.34,59.23,53.62,41.67,30.17,85.32,167.92,134.5,134.45,,
30.25,104.51,59.67,54.28,42.06,30.17,86.03,168.41,134.9,135.78,,
30.5,105.17,60.12,54.84,42.23,30.17,86.74,168.96,135.29,137.26,,
30.75,105.84,60.45,55.4,42.51,30.17,87.45,171.19,135.61,139.34,,
31,106.4,60.84,55.95,42.84,30.17,88.16,173.26,136.03,141.11,,
31.25,106.56,61.34,56.51,43.01,30.17,88.88,173.67,136.6,142.2,,
31.5,107.01,61.9,56.95,42.51,30.23,89.59,174.7,137.06,143.04,,
31.75,107.9,62.56,57.23,43.34,30.17,90.3,176.04,137.62,143.91,,
32,108.45,63.06,57.51,43.62,30.17,91.01,177.79,138.34,145.24,,
32.25,108.95,63.62,57.84,43.84,30.17,91.72,178.4,139.18,146.77,,
32.5,109.12,64.34,58.01,44.06,30.17,92.43,179.1,139.82,147.57,,
32.75,109.9,64.84,58.34,44.45,30.17,93.14,179.41,140.69,148.15,,
33,110.56,65.34,58.73,45.01,30.17,93.85,179.81,141.64,148.83,,
33.25,110.56,65.73,59.17,45.45,30.17,94.56,180.55,142.52,149.95,,
33.5,110.73,66.34,59.73,45.9,30.17,95.27,181.4,143.73,151.21,,
33.75,111.01,66.73,60.23,46.28,30.17,95.99,181.8,144.86,151.94,,
34,111.73,67.12,60.62,46.56,30.17,96.7,181.17,145.76,152.41,,
34.25,112.12,67.45,61.17,47.01,30.17,97.41,181.01,146.98,152.81,,
34.5,112.45,67.78,61.56,47.51,30.17,98.12,181.33,148.37,153.99,,
34.75,112.78,68.17,61.9,47.95,30.17,98.83,181.84,149.64,155,,
35,113.34,68.4,62.12,48.4,30.17,99.54,181.75,150.46,155.6,,
35.25,113.4,68.73,62.4,49.01,30.17,100.25,181.67,151.68,155.78,,
35.5,113.28,68.9,62.45,49.34,30.17,100.96,182.16,152.56,155.78,,
35.75,113.12,69.28,62.56,49.56,30.17,101.67,182.85,153.85,155.61,,
36,113.73,69.73,62.67,49.78,30.17,102.38,183.63,154.9,155.54,,
36.25,113.12,69.78,62.67,50.01,30.17,103.1,184.16,155.96,155.62,,
36.5,113.17,69.9,62.67,50.17,30.17,103.81,184.25,157.03,155.69,,
36.75,113.12,69.9,62.62,50.17,30.17,104.52,184.23,158.11,155.84,,
37,112.95,70.06,62.62,50.56,30.17,105.23,184.28,159.52,156.01,,
37.25,112.45,70.17,62.62,50.73,30.17,105.94,184.28,160.26,156.26,,
37.5,112.23,70.28,62.67,50.84,30.17,106.65,184.31,161.24,156.48,,
37.75,112.01,70.34,62.67,50.9,30.17,107.36,184.12,162.03,156.75,,
38,112.17,70.4,62.78,51.17,30.17,108.07,184.02,162.33,157.01,,
38.25,112.01,70.56,62.84,51.45,30.17,108.78,184.28,163.07,157.29,,
38.5,112.06,70.73,62.95,51.67,30.17,109.49,184.45,163.37,157.5,,
38.75,112.06,70.95,63.01,51.9,30.17,110.21,184.46,163.56,157.98,,
39,112.4,71.01,63.17,52.06,30.17,110.92,184.56,163.73,158.54,,
39.25,113.23,71.23,63.28,52.28,30.17,111.63,184.59,163.73,159.62,,
39.5,113.28,71.34,63.45,52.51,30.17,112.34,184.51,163.73,160.83,,
39.75,113.4,71.56,63.56,52.67,30.17,113.05,185.13,163.73,162.11,,
40,113.4,71.73,63.73,52.84,30.17,113.76,186.25,163.73,163.58,,
40.25,113.73,71.9,63.95,53.12,30.17,114.47,187.83,163.73,164.85,,
40.5,113.95,72.12,64.12,53.4,30.17,115.18,188.7,164.1,165.48,,
40.75,114.45,72.28,64.34,53.56,30.17,115.89,189.17,164.36,165.99,,
41,114.67,72.45,64.45,53.67,30.17,116.6,190.4,164.85,166.59,,
41.25,115.17,72.78,64.67,54.01,30.17,117.32,191.02,165.27,167.63,,
41.5,115.51,72.95,64.84,54.17,30.17,118.03,191.14,165.72,168.41,,
41.75,115.95,73.17,65.06,54.34,30.17,118.74,191.34,166.25,168.88,,
42,116.28,73.4,65.23,54.51,30.17,119.45,191.44,166.82,169.25,,
42.25,116.84,73.67,65.45,54.73,30.17,120.16,191.52,167.35,169.68,,
42.5,117.06,73.78,65.56,54.95,30.17,120.87,191.62,168.11,170.59,,
42.75,117.84,74.01,65.78,55.12,30.17,121.58,191.91,168.89,171.19,,
43,118.23,74.12,65.9,55.28,30.17,122.29,191.76,169.5,171.63,,
43.25,118.51,74.34,66.06,55.56,30.17,123,191.45,170.2,171.84,,
43.5,118.62,74.62,66.17,55.78,30.17,123.71,191.56,170.73,172.24,,
43.75,118.56,74.84,66.4,56.01,30.17,124.43,191.77,171.26,172.98,,
44,118.62,74.95,66.45,56.23,30.17,125.14,191.78,171.96,173.51,,
44.25,118.9,75.12,66.56,56.45,30.17,125.85,191.59,173.45,173.85,,
44.5,119.4,75.4,66.73,56.73,30.17,126.56,191.48,175.25,173.95,,
44.75,119.62,75.56,66.9,57.01,30.17,127.27,191.4,176.64,174.07,,
45,119.67,75.78,66.95,57.17,30.17,127.98,191.78,177.46,174.01,,
45.25,120.12,76.01,67.12,57.45,30.17,128.69,192.1,178.04,174.12,,
45.5,120.45,76.17,67.28,57.67,30.17,129.4,192.21,178.63,174.26,,
45.75,120.51,76.4,67.51,57.84,30.17,130.11,192.59,179.14,174.48,,
46,120.78,76.56,67.78,58.12,30.17,130.82,193.96,179.75,174.63,,
46.25,120.9,76.73,68.12,58.34,30.17,131.54,195.92,180.32,174.97,,
46.5,121.12,76.95,68.51,58.56,30.17,132.25,196.84,180.69,175.23,,
46.75,121.12,77.12,68.9,58.73,30.17,132.96,198.19,181.22,175.44,,
47,121.12,77.34,69.45,58.9,30.17,133.67,199.71,181.39,175.9,,
47.25,121.12,77.73,70.01,59.28,30.17,134.38,201.4,181.67,176.17,,
47.5,121.12,77.9,70.45,59.67,30.17,135.09,204.14,181.51,176.53,,
47.75,121.28,78.23,71.01,59.9,30.17,135.8,205.12,181.64,176.86,,
48,121.56,78.56,71.56,60.17,30.17,136.51,205.86,181.68,177.23,,
48.25,121.56,78.9,72.23,60.4,30.17,137.22,208.12,181.78,177.88,,
48.5,121.51,79.28,72.95,60.62,30.17,137.93,209.79,182,178.79,,
48.75,122.06,79.67,73.67,60.95,30.17,138.65,211.86,182.21,180.16,,
49,122.56,80.12,74.62,61.12,30.17,139.36,214.31,182.48,181.55,,
49.25,122.73,80.51,75.4,61.34,30.17,140.07,217.77,182.88,183.39,,
49.5,122.84,81.01,76.28,61.67,30.17,140.78,221.41,183.42,185.33,,
49.75,123.06,81.45,77.01,61.95,30.17,141.49,222.76,184.04,186.38,,
50,123.06,81.95,77.73,62.17,30.17,142.2,224.44,184.99,186.92,,
50.25,123.23,82.34,78.28,62.4,30.17,142.91,226.76,185.88,187.39,,
50.5,123.01,82.73,78.73,62.67,30.17,143.62,228.67,187.14,188.08,,
50.75,122.9,83.23,79.17,63.01,30.17,144.33,230.06,188.25,189.1,,
51,123.06,83.56,79.73,63.34,30.17,145.04,231.93,189.46,189.57,,
51.25,122.95,84.06,80.12,63.73,30.17,145.76,232.34,190.86,189.73,,
51.5,123.17,84.62,80.51,64.17,30.17,146.47,233.02,192.4,189.83,,
51.75,123.56,85.12,80.78,64.51,30.12,147.18,233.66,193.66,190.46,,
52,123.73,85.62,81.17,65.01,30.17,147.89,234.02,194.87,191.58,,
52.25,124.01,85.95,81.45,65.34,30.17,148.6,234.45,195.85,192.52,,
52.5,124.67,86.34,81.95,65.56,30.17,149.31,233.77,196.73,193.1,,
52.75,125.17,86.67,82.45,65.95,30.17,150.02,233.86,197.75,193.81,,
53,125.51,87.06,83.17,66.17,30.17,150.73,233.89,198.46,194.97,,
53.25,125.56,87.28,83.73,66.45,30.17,151.44,234.25,199.1,196.3,,
53.5,125.62,87.62,84.28,66.73,30.17,152.15,234.52,200.17,197.29,,
53.75,125.45,87.84,84.78,66.84,30.17,152.87,234.53,201.71,197.89,,
54,125.51,88.34,85.28,67.06,30.17,153.58,235.01,203.31,198.17,,
54.25,125.51,88.73,85.62,67.4,30.12,154.29,235.21,204.9,198.5,,
54.5,125.45,89.28,85.9,67.78,30.12,155,236.34,206.16,198.62,,
54.75,125.62,90.06,86.23,68.23,30.17,155.71,237,207.06,198.92,,
55,125.73,90.78,86.62,68.73,30.17,156.42,237.51,208.13,199.06,,
55.25,125.78,91.51,86.78,69.01,30.17,157.13,237.65,209.19,199.48,,
55.5,126.01,92.06,86.95,69.28,30.17,157.84,238.75,210.09,199.77,,
55.75,126.4,92.78,87.23,69.51,30.17,158.55,240.1,210.84,200.27,,
56,126.45,93.17,87.51,69.9,30.12,159.26,240.76,211.29,200.68,,
56.25,127.06,93.73,87.9,70.28,30.12,159.98,241.34,211.91,201.25,,
56.5,127.23,94.28,88.34,70.56,30.12,160.69,241.44,212.54,201.67,,
56.75,127.67,94.95,88.9,71.01,30.17,161.4,241.8,213.92,202.19,,
57,127.73,95.23,89.45,71.45,30.17,162.11,242.52,214.74,202.69,,
57.25,127.62,95.73,89.84,71.73,30.17,162.82,243.77,214.71,203.38,,
57.5,128.67,96.01,90.17,72.12,30.12,163.53,243.76,214.24,204.22,,
57.75,128.62,96.45,90.51,72.62,30.17,164.24,244.16,213.89,205.48,,
58,128.56,96.78,90.73,73.01,30.12,164.95,245.71,213.78,207.25,,
58.25,128.17,97.12,91.01,73.4,30.17,165.66,248.6,213.77,209.43,,
58.5,128.17,97.4,91.17,73.73,30.17,166.37,251.84,213.97,211.94,,
58.75,127.95,97.78,91.34,73.9,30.12,167.09,254.07,214.42,214.56,,
59,127.9,98.12,91.62,74.12,30.12,167.8,255.48,215.02,216.15,,
59.25,127.73,98.23,91.84,74.28,30.12,168.51,257.01,215.84,217.29,,
59.5,127.56,98.4,92.17,74.51,30.12,169.22,258.21,216.9,218.18,,
59.75,128.06,98.56,92.56,75.01,30.12,169.93,260.2,217.79,219.29,,
60,128.51,98.78,92.95,75.28,30.12,170.64,262.2,218.5,221.29,,
60.25,128.62,98.95,93.34,75.56,30.12,171.35,264.25,219.24,222.83,,
60.5,128.67,99.01,93.73,75.62,30.12,172.06,264.94,220.22,223.73,,
60.75,128.67,99.23,94.12,75.84,30.12,172.77,265.74,221.14,224.41,,
61,128.34,99.4,94.28,75.84,30.12,173.48,267.03,222.16,225.2,,
61.25,128.67,99.56,94.62,76.12,30.12,174.2,267.84,223.2,226.81,,
61.5,128.9,99.67,94.78,76.23,30.12,174.91,268.18,224.24,228.2,,
61.75,128.84,99.95,94.95,76.67,30.17,175.62,268.04,225.28,228.97,,
62,129.67,100.45,94.95,76.9,30.12,176.33,267.68,226.33,229.63,,
62.25,130.78,100.73,95.01,77.01,30.12,177.04,267.28,227.44,230.46,,
62.5,131.06,100.95,95.01,77.23,30.12,177.75,267.56,228.33,231.84,,
62.75,132.73,101.12,94.95,77.34,30.12,178.46,267.64,229.45,232.94,,
63,134.4,101.56,94.84,77.67,30.12,179.17,267.66,231.54,233.42,,
63.25,136.51,101.73,94.9,78.06,30.12,179.88,268.28,234.34,233.59,,
63.5,138.73,101.9,94.84,78.23,30.12,180.59,268.36,236.6,233.6,,
63.75,139.9,102.28,94.84,78.56,30.17,181.31,269.41,237.81,233.75,,
64,141.67,102.34,94.84,78.56,30.12,182.02,270.31,238.22,233.96,,
64.25,143.78,102.4,94.84,78.67,30.12,182.73,271.32,238.17,234.38,,
64.5,145.4,102.4,94.9,78.73,30.12,183.44,271.66,238.43,235.06,,
64.75,146.34,102.45,94.95,78.95,30.12,184.15,272.07,238.78,235.89,,
65,146.9,102.4,94.9,79.01,30.12,184.86,272.59,239.34,237.01,,
65.25,147.84,102.4,95.06,79.17,30.12,185.57,272.52,240,238.06,,
65.5,149.73,102.45,95.06,79.34,30.12,186.28,272.63,240.4,239.35,,
65.75,150.78,102.45,95.06,79.56,30.12,186.99,272.73,241.08,240.66,,
66,151.84,102.45,95.23,79.73,30.12,187.7,272.68,241.17,241.49,,
66.25,152.34,102.51,95.28,80.06,30.12,188.42,272.82,241.35,242.04,,
66.5,152.62,102.56,95.45,80.51,30.12,189.13,272.39,241.74,242.62,,
66.75,152.51,102.56,95.56,80.95,30.12,189.84,272.23,242.37,243.66,,
67,152.78,102.67,95.62,81.34,30.12,190.55,271.86,242.93,244.76,,
67.25,153.12,102.73,95.73,81.62,30.12,191.26,271.39,243.49,245.46,,
67.5,153.28,102.84,95.78,81.84,30.12,191.97,270.81,244.01,245.76,,
67.75,153.4,103.01,95.9,82.06,30.12,192.68,269.92,244.43,246.22,,
68,153.73,103.12,96.06,82.17,30.12,193.39,269.56,245.05,246.96,,
68.25,154.12,103.28,96.12,82.34,30.12,194.1,269.42,245.46,247.8,,
68.5,154.51,103.4,96.28,82.62,30.12,194.81,268.75,246.07,248.16,,
68.75,154.67,103.56,96.4,83.01,30.12,195.53,268.21,246.35,248.18,,
69,155.56,103.78,96.51,83.4,30.12,196.24,267.96,246.62,248.34,,
69.25,155.73,103.95,96.62,83.62,30.12,196.95,266.19,246.78,248.76,,
69.5,155.56,104.17,96.73,83.84,30.12,197.66,264.1,246.94,249.19,,
69.75,155.4,104.4,96.9,84.01,30.12,198.37,256.47,247.13,249.18,,
70,155.12,104.62,97.01,84.06,30.12,199.08,251.68,247.06,248.92,,
70.25,155.01,104.84,97.17,84.23,30.12,199.79,248.99,246.72,248.18,,
70.5,155.17,104.95,97.23,84.45,30.12,200.5,246.01,245.95,247.23,,
70.75,155.34,105.12,97.4,84.73,30.12,201.21,236.94,244.95,245.49,,
71,155.51,105.45,97.56,85.01,30.12,201.92,221.67,244.06,243.74,,
71.25,155.67,105.73,97.67,85.28,30.12,202.64,216.32,243.43,242.27,,
71.5,156.01,106.17,97.9,85.73,30.12,203.35,199.9,242.69,241.14,,
71.75,156.17,106.4,98.12,86.06,30.12,204.06,197.1,242.02,240.22,,
72,156.12,106.78,98.28,86.4,30.12,204.77,186.16,241.53,239.43,,
72.25,156.01,107.17,98.56,86.51,30.12,205.48,169,240.76,238.85,,
72.5,156.56,107.51,98.95,86.78,30.12,206.19,148.55,239.6,238.2,,
72.75,156.73,107.95,99.45,87.06,30.12,206.9,135.75,237.45,237.62,,
73,156.95,108.4,99.95,87.45,30.12,207.61,130.79,235.44,237.04,,
73.25,156.84,108.78,100.67,87.62,30.12,208.32,127.48,233.94,236.51,,
73.5,156.73,109.06,101.34,87.95,30.12,209.03,124.46,233.53,235.93,,
73.75,157.01,109.4,102.12,88.28,30.12,209.75,122.19,233.33,235.4,,
74,157.4,109.84,102.9,88.56,30.12,210.46,119.74,233.12,234.78,,
74.25,157.84,110.17,103.62,88.78,30.12,211.17,117.62,232.51,234.16,,
74.5,158.01,110.56,104.45,89.06,30.12,211.88,114.91,231.38,233.31,,
74.75,158.06,110.9,105.28,89.28,30.12,212.59,112.76,230.09,232.48,,
75,158.45,111.28,106.17,89.62,30.12,213.3,110.14,228.78,231.63,,
75.25,159.28,111.67,107.23,89.9,30.12,214.01,106.51,227.28,230.88,,
75.5,159.73,112.01,108.28,90.12,30.12,214.72,103.66,225.6,229.99,,
75.75,160.12,112.45,109.28,90.45,30.12,215.43,101.24,223.75,229.12,,
76,160.62,112.9,110.28,90.9,30.12,216.14,97.44,221.86,228.23,,
76.25,160.78,113.23,111.06,91.17,30.12,216.86,92.64,219.91,227.31,,
76.5,161.28,113.56,111.67,91.67,30.12,217.57,89.24,217.88,226.34,,
76.75,161.62,113.95,112.12,92.01,30.12,218.28,85.33,215.57,225.36,,
77,161.62,114.4,112.56,92.28,30.12,218.99,81.07,213.03,224.25,,
77.25,161.78,114.84,112.95,92.67,30.12,219.7,77.19,210.23,223.1,,
77.5,162.12,115.34,113.4,93.12,30.12,220.41,74.69,207.13,221.8,,
77.75,162.45,115.84,113.73,93.62,30.12,221.12,73.45,203.86,220.49,,
78,162.73,116.34,114.06,94.06,30.12,221.83,72.16,200.39,219.24,,
78.25,163.12,116.62,114.34,94.4,30.12,222.54,71.36,198.29,217.87,,
78.5,163.73,117.06,114.78,94.78,30.12,223.25,71.83,196.58,216.72,,
78.75,164.4,117.4,115.34,95.17,30.12,223.97,70.39,194.72,215.41,,
79,164.73,118.01,116.12,95.67,30.12,224.68,69.73,192.58,214.31,,
79.25,165.06,118.51,116.9,96.12,30.12,225.39,69.76,191.12,213.19,,
79.5,165.4,119.23,117.56,96.45,30.12,226.1,71.45,190.27,212.08,,
79.75,165.45,119.84,118.12,96.73,30.12,226.81,70.93,189.35,211.2,,
80,165.56,120.62,118.67,97.06,30.12,227.52,69.55,187.55,210.21,,
80.25,165.73,121.23,119.06,97.28,30.12,228.23,68.75,186.09,209.36,,
80.5,165.78,122.01,119.45,97.67,30.12,228.94,68.39,184.99,208.41,,
80.75,165.9,122.73,119.78,98.01,30.12,229.65,67.32,183.29,207.47,,
81,166.01,123.34,120.12,98.4,30.12,230.36,66.76,180.57,206.44,,
81.25,166.01,124.17,120.28,98.78,30.12,231.08,66.95,177.68,205.54,,
81.5,166.17,124.95,120.62,99.06,30.12,231.79,66.79,175.94,204.47,,
81.75,166.23,125.4,120.78,99.28,30.12,232.5,67.39,174.2,203.51,,
82,166.4,125.78,121.01,99.56,30.12,233.21,70.2,171.8,202.36,,
82.25,166.56,126.28,121.56,100.06,30.12,233.92,72.4,168.88,201.19,,
82.5,166.78,126.9,122.01,100.51,30.12,234.63,74.1,167.27,200.22,,
82.75,166.9,127.51,122.56,101.01,30.12,235.34,76.79,166.39,199.17,,
83,167.06,127.73,123.01,101.45,30.12,236.05,79.79,164.54,198.21,,
83.25,167.23,128.23,123.51,101.9,30.12,236.76,82.22,162.08,197.05,,
83.5,167.4,128.84,124.01,102.23,30.12,237.47,84.26,160.83,196.1,,
83.75,167.51,129.23,124.4,102.56,30.12,238.19,85.46,160.71,195.26,,
84,167.51,129.67,124.73,102.9,30.12,238.9,86.29,160.55,194.4,,
84.25,167.73,129.95,124.95,103.45,30.12,239.61,86.9,159.36,193.62,,
84.5,168.01,130.28,125.17,103.95,30.12,240.32,87.33,157.74,192.78,,
84.75,168.01,130.62,125.4,104.45,30.12,241.03,87.51,156.41,191.92,,
85,168.01,131.01,125.51,104.73,30.12,241.74,87.46,155.84,191.08,,
85.25,167.84,131.4,125.78,104.84,30.12,242.45,87.14,155.72,190.27,,
85.5,168.12,131.62,126.06,105.45,30.12,243.16,86.9,157.36,189.55,,
85.75,168.01,131.78,126.4,105.84,30.12,243.87,86.65,159.19,188.76,,
86,168.4,131.95,127.06,106.34,30.12,244.58,85.71,160.75,187.97,,
86.25,168.51,132.06,127.56,106.84,30.12,245.3,84.12,162.17,187.17,,
86.5,169.17,132.28,128.06,107.17,30.12,246.01,82.15,163.45,186.39,,
86.75,168.95,132.4,128.51,107.45,30.12,246.72,80.72,164.46,185.5,,
87,169.84,132.56,129.01,107.78,30.12,247.43,78.76,165.15,184.77,,
87.25,170.28,132.62,129.28,108.01,30.12,248.14,77.55,165.28,183.94,,
87.5,171.4,132.78,129.51,108.34,30.12,248.85,76.81,165.03,183.19,,
87.75,172.34,132.9,129.73,108.67,30.12,249.56,75.95,164.5,182.26,,
88,172.78,132.95,129.84,108.84,30.12,250.27,75.26,163.81,181.38,,
88.25,173.51,133.17,129.95,109.17,30.12,250.98,74.5,163.09,180.58,,
88.5,173.17,133.4,129.95,109.56,30.12,251.69,73.86,161.72,179.68,,
88.75,173.56,133.51,129.95,109.73,30.12,252.41,72.78,159.61,178.69,,
89,173.78,133.51,129.95,109.78,30.12,253.12,70.72,157,177.74,,
89.25,174.28,133.56,129.9,109.9,30.12,253.83,68.51,155.99,176.74,,
89.5,174.51,133.56,129.78,110.06,30.12,254.54,66.61,155.17,175.86,,
89.75,175.06,133.67,129.73,110.51,30.12,255.25,66.01,153.45,175.18,,
90,175.62,133.78,129.67,110.78,30.12,255.96,65.81,150.13,174.33,,
90.25,175.9,133.9,129.67,111.12,30.12,256.67,65.3,148.02,173.71,,
90.5,176.67,134.01,129.67,111.34,30.12,257.38,64.83,147.62,173.08,,
90.75,177.23,134.23,129.67,111.67,30.12,258.09,63.83,146.69,172.59,,
91,177.78,134.23,129.62,112.01,30.12,258.8,63.01,144.98,172.02,,
91.25,178.01,134.45,129.62,112.34,30.12,259.52,62.44,144.48,171.5,,
91.5,178.4,134.56,129.62,112.78,30.12,260.23,62.33,144.05,171.24,,
91.75,178.4,134.73,129.67,113.12,30.12,260.94,62.2,142.35,170.83,,
92,178.62,134.84,129.67,113.28,30.12,261.65,62.36,140.68,170.44,,
92.25,178.78,135.06,129.78,113.73,30.12,262.36,62.4,140.08,169.91,,
92.5,179.23,135.12,129.84,113.73,30.12,263.07,62.02,139.46,169.29,,
92.75,179.4,135.28,129.9,114.34,30.12,263.78,61.26,137.25,168.58,,
93,179.51,135.34,130.01,114.45,30.12,264.49,60.73,134.6,167.96,,
93.25,179.34,135.45,130.12,115.01,30.12,265.2,60.6,133.51,167.06,,
93.5,179.4,135.62,130.17,115.34,30.12,265.91,60.73,133.57,166.33,,
93.75,179.67,135.78,130.34,115.62,30.12,266.63,61.03,132.52,165.56,,
94,180.01,135.9,130.45,115.84,30.12,267.34,61.4,130.59,164.73,,
94.25,180.01,136.06,130.62,115.56,30.12,268.05,62.3,129.14,163.85,,
94.5,180.45,136.23,130.67,116.12,30.12,268.76,64.15,129.29,163,,
94.75,180.84,136.45,130.78,116.28,30.12,269.47,66.61,128.88,162.04,,
95,181.23,136.67,131.01,116.45,30.12,270.18,69.4,127.48,161.36,,
95.25,181.34,136.78,131.12,116.78,30.12,270.89,71.91,126.12,160.86,,
95.5,181.95,136.95,131.28,117.17,30.12,271.6,73.59,125.52,160.34,,
95.75,182.01,137.17,131.28,117.34,30.12,272.31,74.55,126.66,159.74,,
96,181.78,137.28,131.45,117.51,30.12,273.02,75.78,128.48,159.21,,
96.25,181.51,137.56,131.56,117.9,30.12,273.74,75.77,130.16,158.63,,
96.5,181.34,137.73,131.73,118.4,30.12,274.45,74.39,131.48,157.9,,
96.75,181.12,138.06,131.9,118.62,30.12,275.16,71.24,132.56,157.2,,
97,180.84,138.28,131.95,118.84,30.12,275.87,70.34,133.17,156.68,,
97.25,181.01,138.62,132.12,119.17,30.17,276.58,70.68,133.56,156.16,,
97.5,181.01,138.9,132.28,119.45,30.12,277.29,73.5,134.08,155.72,,
97.75,181.06,139.17,132.4,119.67,30.12,278,76.4,134.54,155.34,,
98,181.17,139.34,132.56,119.95,30.12,278.71,77.58,134.95,154.91,,
98.25,181.51,139.67,132.73,120.12,30.12,279.42,77.86,135.21,154.49,,
98.5,181.73,139.84,132.95,120.45,30.12,280.13,77.21,135.45,153.97,,
98.75,181.84,140.17,133.17,120.62,30.17,280.85,76.25,135.51,153.6,,
99,181.84,140.45,133.4,120.84,30.12,281.56,75.62,135.65,153.07,,
99.25,181.67,140.78,133.67,121.01,30.12,282.27,75.61,135.66,152.61,,
99.5,181.73,141.17,134.01,121.23,30.12,282.98,74.56,135.62,152.13,,
99.75,181.84,141.45,134.34,121.28,30.12,283.69,73.96,135.62,151.7,,
100,181.84,141.78,134.73,121.45,30.17,284.4,71.68,135.66,151.24,,
100.25,181.67,142.06,135.23,121.56,30.17,285.11,69.78,135.67,150.77,,
100.5,181.9,142.34,135.73,121.73,30.17,285.82,67.84,135.67,150.4,,
100.75,182.12,142.78,136.17,121.95,30.17,286.53,65.81,135.59,149.98,,
101,182.17,143.23,136.62,122.17,30.12,287.24,64.96,135.44,149.51,,
101.25,182.23,143.62,137.28,122.4,30.17,287.96,64.53,135.18,149.08,,
101.5,182.62,144.06,137.95,122.67,30.17,288.67,64.62,134.77,148.71,,
101.75,182.95,144.45,138.67,122.9,30.17,289.38,64.66,134.58,148.2,,
102,183.23,144.84,139.51,123.17,30.17,290.09,61.28,134.26,147.78,,
102.25,183.51,145.12,140.06,123.23,30.17,290.8,58.29,133.78,147.31,,
102.5,183.73,145.45,140.78,123.56,30.17,291.51,53.95,133.35,146.84,,
102.75,183.84,145.78,141.28,123.95,30.17,292.22,52.65,132.78,146.52,,
103,184.12,146.28,141.62,124.17,30.17,292.93,51.31,132.1,146.04,,
103.25,184.23,146.67,142.06,124.56,30.17,293.64,50.86,131.38,145.63,,
103.5,184.28,147.06,142.34,125.01,30.17,294.35,50.47,130.86,145.22,,
103.75,184.23,147.56,142.62,125.28,30.17,295.07,51.26,130.24,144.85,,
104,184.34,148.06,142.95,125.62,30.17,295.78,53.15,129.8,144.38,,
104.25,184.28,148.56,143.23,125.9,30.17,296.49,54.6,129.26,143.96,,
104.5,184.23,149.01,143.45,126.23,30.17,297.2,55.94,128.79,143.57,,
104.75,184.28,149.51,143.84,126.73,30.17,297.91,56.51,128.07,143.18,,
105,184.28,149.78,144.23,127.06,30.17,298.62,56.95,127.57,142.84,,
105.25,184.28,150.06,144.73,127.17,30.17,299.33,57.62,126.98,142.4,,
105.5,184.34,150.34,145.23,127.62,30.17,300.04,58.3,126.51,142.09,,
105.75,184.28,150.73,145.78,127.9,30.17,300.75,58.34,126.08,141.67,,
106,184.28,151.01,146.34,128.06,30.17,301.46,57.71,125.62,141.14,,
106.25,184.23,151.62,146.84,128.4,30.17,302.18,57.18,125.31,140.57,,
106.5,184.34,152.01,147.23,128.62,30.17,302.89,57.12,125.04,139.89,,
106.75,184.28,152.34,147.45,128.84,30.17,303.6,57.24,124.86,138.97,,
107,184.12,152.56,147.62,128.9,30.17,304.31,56.19,124.58,138.15,,
107.25,184.12,152.95,147.84,129.17,30.17,305.02,56.59,124.17,137.38,,
107.5,184.12,153.34,148.06,129.45,30.17,305.73,57.27,123.94,136.58,,
107.75,184.01,153.95,148.23,129.62,30.17,306.44,57.51,123.73,136.08,,
108,184.01,154.34,148.51,129.84,30.17,307.15,57.62,123.67,135.45,,
108.25,184.06,154.67,148.67,130.12,30.17,307.86,58.33,123.36,134.71,,
108.5,184.17,155.01,149.06,130.4,30.17,308.57,57.39,123.32,134.21,,
108.75,184.28,155.34,149.45,130.62,30.17,309.29,56.87,123.51,133.76,,
109,184.23,155.78,149.84,131.01,30.17,310,56.18,123.34,133.29,,
109.25,184.28,156.12,150.28,131.28,30.17,310.71,55.14,123.18,132.71,,
109.5,184.45,156.51,150.78,131.51,30.17,311.42,54.28,122.77,132.25,,
109.75,184.34,156.84,151.17,131.78,30.17,312.13,53.81,122.16,131.67,,
110,184.51,157.34,151.56,131.95,30.17,312.84,54.02,121.67,131.15,,
110.25,184.45,157.67,151.78,132.23,30.17,313.55,53.5,121.17,130.63,,
110.5,184.51,158.01,151.95,132.45,30.17,314.26,53.33,120.6,130.16,,
110.75,184.45,158.51,152.12,132.78,30.17,314.97,51.94,120.28,129.54,,
111,184.62,159.01,152.28,133.06,30.17,315.68,49.92,120.24,129.05,,
111.25,184.56,159.51,152.45,133.4,30.17,316.4,48.24,120.27,128.32,,
111.5,184.62,159.67,152.62,133.62,30.17,317.11,46.99,120.19,127.83,,
111.75,184.56,160.01,152.67,134.01,30.23,317.82,44.66,119.83,127.06,,
112,184.45,160.28,152.9,134.23,30.17,318.53,42.38,119.59,126.43,,
112.25,184.51,160.78,153.23,134.51,30.17,319.24,40.1,119.28,125.96,,
112.5,184.51,161.12,153.78,134.73,30.17,319.95,37.63,119.02,125.33,,
112.75,184.62,161.28,154.23,134.84,30.23,320.66,38.22,118.6,124.61,,
113,185.06,161.73,154.56,135.01,30.23,321.37,37.54,118.09,123.93,,
113.25,185.4,161.9,154.9,135.12,30.23,322.08,36.45,117.6,123.29,,
113.5,185.73,162.12,155.23,135.4,30.17,322.79,35.76,117.01,122.75,,
113.75,186.23,162.23,155.45,135.51,30.23,323.51,35.67,116.5,122.23,,
114,186.78,162.23,155.56,135.73,30.23,324.22,35.43,116.11,121.76,,
114.25,187.34,162.45,155.78,135.95,30.23,324.93,36.13,115.12,121.24,,
114.5,187.9,162.73,155.73,136.12,30.23,325.64,37.15,114.46,120.78,,
114.75,188.28,163.01,155.78,136.34,30.23,326.35,37.26,113.58,120.22,,
115,188.62,163.23,155.84,136.62,30.23,327.06,36.4,112.95,119.76,,
115.25,188.73,163.4,155.73,136.78,30.23,327.77,35.15,111.94,119.16,,
115.5,188.73,163.4,155.78,137.01,30.23,328.48,35.07,110.87,118.69,,
115.75,188.95,163.23,155.73,137.34,30.23,329.19,34.52,110.03,118.06,,
116,189.34,163.45,155.73,137.62,30.23,329.9,33.67,109.23,117.49,,
116.25,189.78,163.56,155.56,137.9,30.23,330.62,31.92,108.28,116.99,,
116.5,190.28,163.73,155.62,138.28,30.23,331.33,30.4,107.71,116.51,,
116.75,190.56,163.73,155.51,138.51,30.23,332.04,29,106.96,115.93,,
117,190.95,163.73,155.56,138.84,30.23,332.75,28.23,106.1,115.29,,
117.25,191.01,163.78,155.56,139.12,30.23,333.46,31.2,104.96,114.47,,
117.5,191.06,163.73,155.62,139.34,30.23,334.17,33.1,103.85,113.47,,
117.75,191.01,163.73,155.62,139.67,30.23,334.88,33.38,103.12,112.87,,
118,191.12,163.73,155.62,139.9,30.23,335.59,34.19,102.78,112.49,,
118.25,191.28,163.73,155.67,140.17,30.23,336.3,33.88,102.37,112.14,,
118.5,191.28,163.73,155.73,140.4,30.23,337.01,34.36,101.86,111.73,,
118.75,191.34,163.73,155.73,140.62,30.23,337.73,35.88,101.5,111.52,,
119,191.45,163.73,155.84,140.95,30.23,338.44,34.59,101.28,111.14,,
119.25,191.4,163.73,155.84,141.17,30.23,339.15,32.65,101.26,110.8,,
119.5,191.45,163.73,156.01,141.4,30.23,339.86,30.56,101.35,110.32,,
119.75,191.56,163.73,156.01,141.62,30.23,340.57,29.12,101.47,110.09,,
120,191.45,163.73,156.12,141.78,30.23,341.28,27.74,101.38,,,
120.25,191.56,163.73,156.17,142.01,30.23,341.99,26.74,100.64,,,
120.5,191.56,163.73,156.28,142.12,30.23,342.7,26.07,99.69,,,
120.75,191.62,163.78,156.34,142.28,30.28,343.41,26.27,99.1,,,
121,191.62,163.95,156.45,142.45,30.28,344.12,26.73,98.78,,,
121.25,191.78,164.12,156.51,142.73,30.28,344.84,26.94,98.56,,,
121.5,191.84,164.17,156.67,142.95,30.28,345.55,27.02,98.34,,,
121.75,192.06,164.28,156.73,143.23,30.28,346.26,27.96,98.16,,,
122,191.84,164.4,156.78,143.4,30.28,346.97,29.26,98.4,,,
122.25,191.78,164.56,156.9,143.78,30.28,347.68,29.45,99.1,,,
122.5,191.62,164.78,157.01,144.06,30.28,348.39,28.67,99.18,,,
122.75,191.56,164.9,157.01,144.23,30.28,349.1,29.33,99.36,,,
123,191.45,165.06,157.17,144.4,30.28,349.81,29.6,,,,
123.25,191.56,165.23,157.28,144.62,30.28,350.52,29.55,,,,
123.5,191.56,165.34,157.34,144.84,30.28,351.23,29.18,,,,
123.75,191.56,165.51,157.45,145.06,30.28,351.95,28.54,,,,
124,191.62,165.67,157.51,145.23,30.28,352.66,28.1,,,,
124.25,191.73,165.84,157.67,145.4,30.28,353.37,27.68,,,,
124.5,191.78,166.01,157.84,145.62,30.28,354.08,27.4,,,,
124.75,191.78,166.23,158.01,145.84,30.28,354.79,27.33,,,,
125,191.78,166.45,158.23,146.06,30.28,,,,,,
125.25,191.78,166.56,158.4,146.17,30.28,,,,,,
125.5,191.73,166.84,158.62,146.4,30.28,,,,,,
125.75,191.67,167.01,159.01,146.56,30.28,,,,,,
126,191.45,167.17,159.45,146.67,30.28,,,,,,
126.25,191.45,167.4,159.78,146.84,30.28,,,,,,
126.5,191.45,167.67,160.28,147.06,30.34,,,,,,
126.75,191.56,168.01,160.67,147.28,30.34,,,,,,
127,191.56,168.17,161.12,147.51,30.34,,,,,,
127.25,191.4,168.4,161.56,147.56,30.34,,,,,,
127.5,191.45,168.73,162.01,147.67,30.34,,,,,,
127.75,191.67,169.06,162.56,147.9,30.34,,,,,,
128,191.78,169.23,163.06,148.12,30.34,,,,,,
128.25,191.9,169.45,163.56,148.23,30.34,,,,,,
128.5,192.06,169.62,164.01,148.51,30.34,,,,,,
128.75,192.12,169.95,164.56,148.84,30.34,,,,,,
129,192.12,170.17,164.9,149.12,30.34,,,,,,
129.25,192.17,170.34,165.12,149.45,30.34,,,,,,
129.5,192.23,170.51,165.28,149.67,30.34,,,,,,
129.75,192.4,170.73,165.56,149.95,30.34,,,,,,
130,192.56,170.95,165.73,150.23,30.34,,,,,,
130.25,192.62,171.12,165.9,150.45,30.4,,,,,,
130.5,193.01,171.28,166.06,150.78,30.4,,,,,,
130.75,193.73,171.51,166.23,151.06,30.34,,,,,,
131,194.51,171.73,166.45,151.28,30.34,,,,,,
131.25,195.01,172.06,166.78,151.62,30.34,,,,,,
131.5,195.84,172.56,167.17,151.9,30.4,,,,,,
131.75,196.4,173.12,167.56,152.12,30.4,,,,,,
132,196.56,173.73,167.84,152.34,30.4,,,,,,
132.25,196.84,174.45,168.23,152.56,30.4,,,,,,
132.5,197.45,174.95,168.4,152.67,30.4,,,,,,
132.75,198.01,175.73,168.51,152.78,30.4,,,,,,
133,198.23,176.12,168.67,152.9,30.4,,,,,,
133.25,199.06,176.56,168.9,153.12,30.4,,,,,,
133.5,199.23,176.9,169.06,153.28,30.4,,,,,,
133.75,199.95,177.17,169.12,153.56,30.4,,,,,,
134,200.78,177.45,169.28,153.62,30.4,,,,,,
134.25,201.23,177.56,169.34,153.73,30.4,,,,,,
134.5,201.56,177.84,169.51,154.06,30.4,,,,,,
134.75,202.56,178.06,169.78,154.45,30.4,,,,,,
135,204.06,178.23,170.01,154.73,30.4,,,,,,
135.25,204.28,178.51,170.51,155.06,30.4,,,,,,
135.5,204.84,178.67,170.67,155.28,30.45,,,,,,
135.75,204.95,178.78,171.01,155.51,30.45,,,,,,
136,205.78,179.01,171.12,155.67,30.45,,,,,,
136.25,205.67,179.23,171.34,156.01,30.45,,,,,,
136.5,205.84,179.4,171.4,156.17,30.45,,,,,,
136.75,206.23,179.67,171.62,156.45,30.45,,,,,,
137,206.78,179.84,171.67,156.67,30.45,,,,,,
137.25,208.28,180.06,171.73,156.9,30.45,,,,,,
137.5,209.34,180.28,171.84,157.12,30.45,,,,,,
137.75,209.34,180.4,171.95,157.28,30.45,,,,,,
138,209.95,180.56,172.01,157.51,30.45,,,,,,
138.25,210.28,180.67,172.28,157.95,30.45,,,,,,
138.5,211.34,180.78,172.56,158.23,30.45,,,,,,
138.75,212.23,181.01,172.78,158.51,30.51,,,,,,
139,212.95,181.23,173.06,158.67,30.45,,,,,,
139.25,213.84,181.28,173.28,158.84,30.51,,,,,,
139.5,214.95,181.34,173.45,159.01,30.51,,,,,,
139.75,215.95,181.4,173.56,159.01,30.51,,,,,,
140,217.4,181.73,173.73,159.28,30.51,,,,,,
140.25,218.78,181.67,173.78,159.51,30.51,,,,,,
140.5,220.23,181.67,173.95,159.62,30.51,,,,,,
140.75,221.4,181.67,173.95,159.78,30.51,,,,,,
141,221.51,181.51,173.95,159.95,30.51,,,,,,
141.25,222.12,181.51,173.95,160.06,30.51,,,,,,
141.5,222.78,181.62,174.12,160.17,30.51,,,,,,
141.75,223.12,181.62,174.06,160.51,30.51,,,,,,
142,223.73,181.67,174.12,160.62,30.51,,,,,,
142.25,224.62,181.67,174.06,160.78,30.51,,,,,,
142.5,225.45,181.67,174.01,160.95,30.51,,,,,,
142.75,226.12,181.73,174.12,161.23,30.56,,,,,,
143,227.12,181.78,174.12,161.45,30.56,,,,,,
143.25,228.06,181.78,174.12,161.73,30.56,,,,,,
143.5,228.51,181.78,174.23,161.9,30.56,,,,,,
143.75,228.84,181.95,174.23,162.23,30.56,,,,,,
144,229.23,182.01,174.28,162.45,30.56,,,,,,
144.25,229.67,182.12,174.34,162.56,30.56,,,,,,
144.5,230.84,182.17,174.45,162.73,30.56,,,,,,
144.75,231.28,182.23,174.51,162.95,30.56,,,,,,
145,231.9,182.34,174.62,163.23,30.56,,,,,,
145.25,232.12,182.45,174.62,163.4,30.56,,,,,,
145.5,232.12,182.51,174.67,163.56,30.56,,,,,,
145.75,232.34,182.67,174.84,163.73,30.62,,,,,,
146,232.45,182.78,174.95,163.73,30.62,,,,,,
146.25,232.78,183.01,175.06,163.9,30.62,,,,,,
146.5,233.06,183.23,175.12,164.01,30.62,,,,,,
146.75,233.45,183.4,175.23,164.12,30.62,,,,,,
147,233.62,183.51,175.23,164.34,30.62,,,,,,
147.25,233.67,183.78,175.4,164.56,30.62,,,,,,
147.5,233.51,184.01,175.45,164.62,30.62,,,,,,
147.75,233.56,184.28,175.62,164.9,30.62,,,,,,
148,234.4,184.62,175.78,165.23,30.62,,,,,,
148.25,234.95,185.01,175.95,165.51,30.67,,,,,,
148.5,234.67,185.28,176.06,165.67,30.67,,,,,,
148.75,234.12,185.62,176.12,165.84,30.67,,,,,,
149,233.9,185.95,176.23,166.01,30.67,,,,,,
149.25,233.78,186.45,176.4,166.23,30.67,,,,,,
149.5,233.73,186.9,176.51,166.51,30.67,,,,,,
149.75,233.84,187.28,176.56,166.73,30.67,,,,,,
150,233.84,187.67,176.73,166.9,30.67,,,,,,
150.25,234.06,188.06,176.84,167.06,30.67,,,,,,
150.5,233.84,188.45,176.95,167.34,30.67,,,,,,
150.75,233.9,188.9,177.12,167.56,30.67,,,,,,
151,234.01,189.28,177.23,167.84,30.67,,,,,,
151.25,234.12,189.84,177.34,168.01,30.67,,,,,,
151.5,234.28,190.28,177.73,168.23,30.73,,,,,,
151.75,234.56,190.78,177.9,168.45,30.73,,,,,,
152,234.62,191.23,178.17,168.67,30.73,,,,,,
152.25,234.45,191.84,178.51,168.84,30.73,,,,,,
152.5,234.34,192.4,178.9,169.06,30.73,,,,,,
152.75,234.51,192.9,179.34,169.28,30.73,,,,,,
153,234.56,193.28,179.84,169.51,30.73,,,,,,
153.25,234.78,193.73,180.4,169.78,30.73,,,,,,
153.5,235.01,194.06,180.78,170.01,30.73,,,,,,
153.75,235.01,194.56,181.34,170.23,30.73,,,,,,
154,234.95,195.01,181.84,170.51,30.73,,,,,,
154.25,235.12,195.28,182.51,170.78,30.78,,,,,,
154.5,235.73,195.67,183.17,171.01,30.78,,,,,,
154.75,236.01,196.01,184.01,171.28,30.78,,,,,,
155,236.34,196.23,184.62,171.56,30.78,,,,,,
155.25,236.73,196.62,185.28,171.78,30.78,,,,,,
155.5,236.95,196.9,185.73,172.23,30.78,,,,,,
155.75,237.01,197.23,186.12,172.73,30.78,,,,,,
156,237.34,197.67,186.4,172.95,30.84,,,,,,
156.25,237.51,198.01,186.62,173.23,30.84,,,,,,
156.5,237.51,198.12,186.78,173.51,30.84,,,,,,
156.75,237.56,198.45,186.95,173.84,30.84,,,,,,
157,237.56,198.62,187.12,174.23,30.84,,,,,,
157.25,237.73,198.84,187.28,174.45,30.84,,,,,,
157.5,238.01,199.12,187.45,174.73,30.84,,,,,,
157.75,238.56,199.51,187.62,175.01,30.84,,,,,,
158,239.06,199.78,187.9,175.17,30.84,,,,,,
158.25,239.56,200.28,188.28,175.28,30.84,,,,,,
158.5,240.01,200.78,188.62,175.4,30.9,,,,,,
158.75,240.45,201.34,189.01,175.62,30.9,,,,,,
159,240.73,201.95,189.28,175.78,30.9,,,,,,
159.25,240.73,202.51,189.51,176.23,30.9,,,,,,
159.5,241.28,203.06,189.56,176.4,30.9,,,,,,
159.75,241.34,203.62,189.62,176.56,30.9,,,,,,
160,241.34,204.23,189.62,176.78,30.9,,,,,,
160.25,241.4,204.78,189.73,177.06,30.9,,,,,,
160.5,241.4,205.17,189.73,177.28,30.9,,,,,,
160.75,241.45,205.62,189.78,177.51,30.95,,,,,,
161,241.51,206.12,189.84,177.73,30.95,,,,,,
161.25,241.51,206.4,189.95,177.9,30.95,,,,,,
161.5,242.01,206.78,190.23,178.23,30.95,,,,,,
161.75,242.23,207.06,190.56,178.51,30.95,,,,,,
162,242.4,207.45,190.95,178.73,30.95,,,,,,
162.25,242.67,207.67,191.34,179.01,31.01,,,,,,
162.5,243.01,208.23,191.78,179.23,31.01,,,,,,
162.75,243.67,208.62,192.06,179.51,30.95,,,,,,
163,244.01,208.9,192.4,179.73,31.01,,,,,,
163.25,244.28,209.34,192.73,180.06,31.01,,,,,,
163.5,243.78,209.56,192.84,180.34,31.01,,,,,,
163.75,243.56,209.95,193.06,180.62,31.01,,,,,,
164,243.84,210.23,193.23,180.84,31.01,,,,,,
164.25,244.17,210.56,193.56,181.4,31.01,,,,,,
164.5,244.17,210.78,193.78,181.67,31.01,,,,,,
164.75,244.67,210.95,194.06,182.01,31.01,,,,,,
165,245.95,211.06,194.51,182.17,31.06,,,,,,
165.25,247.51,211.23,195.01,182.51,31.06,,,,,,
165.5,247.84,211.51,195.56,182.78,31.06,,,,,,
165.75,249.01,211.78,196.01,183.12,31.06,,,,,,
166,250.34,211.9,196.4,183.34,31.06,,,,,,
166.25,251.28,212.17,196.9,183.62,31.06,,,,,,
166.5,252.4,212.34,197.12,184.01,31.06,,,,,,
166.75,253.06,212.56,197.4,184.01,31.12,,,,,,
167,253.84,213.06,197.62,184.23,31.12,,,,,,
167.25,254.51,213.51,197.84,184.45,31.12,,,,,,
167.5,255.01,214.06,197.95,184.78,31.12,,,,,,
167.75,255.4,214.34,198.06,184.95,31.12,,,,,,
168,255.84,214.67,198.12,185.12,31.12,,,,,,
168.25,256.51,214.78,198.28,185.28,31.12,,,,,,
168.5,257.01,214.78,198.34,185.51,31.12,,,,,,
168.75,257.06,214.78,198.51,185.67,31.17,,,,,,
169,257.67,214.62,198.45,185.95,31.17,,,,,,
169.25,258.28,214.4,198.51,186.17,31.17,,,,,,
169.5,259.45,214.28,198.62,186.45,31.17,,,,,,
169.75,259.84,214.12,198.67,186.78,31.17,,,,,,
170,260.34,214.01,198.78,187.06,31.17,,,,,,
170.25,260.67,213.9,198.95,187.34,31.17,,,,,,
170.5,261.73,213.84,198.95,187.9,31.17,,,,,,
170.75,262.56,213.78,199.06,188.17,31.23,,,,,,
171,263.28,213.78,199.06,188.45,31.23,,,,,,
171.25,264.01,213.78,199.23,188.84,31.23,,,,,,
171.5,264.62,213.73,199.45,189.12,31.23,,,,,,
171.75,264.73,213.78,199.51,189.45,31.23,,,,,,
172,264.84,213.78,199.67,189.73,31.23,,,,,,
172.25,265.23,213.9,199.73,190.06,31.23,,,,,,
172.5,265.62,214.01,199.84,190.23,31.28,,,,,,
172.75,265.67,214.12,200.12,190.28,31.28,,,,,,
173,266.45,214.28,200.23,190.62,31.28,,,,,,
173.25,266.56,214.56,200.45,190.78,31.28,,,,,,
173.5,267.06,214.78,200.56,191.06,31.28,,,,,,
173.75,267.23,214.95,200.67,191.4,31.28,,,,,,
174,267.45,215.17,200.84,191.56,31.34,,,,,,
174.25,267.95,215.51,201.01,191.9,31.28,,,,,,
174.5,268.06,215.78,201.28,192.06,31.34,,,,,,
174.75,268.28,216.12,201.4,192.4,31.34,,,,,,
175,268.12,216.51,201.51,192.78,31.34,,,,,,
175.25,268.17,216.9,201.73,192.9,31.34,,,,,,
175.5,268.17,217.17,201.9,193.4,31.34,,,,,,
175.75,267.9,217.45,202.06,193.56,31.4,,,,,,
176,267.9,217.84,202.28,193.9,31.4,,,,,,
176.25,267.73,218.06,202.45,194.12,31.4,,,,,,
176.5,267.56,218.34,202.62,194.4,31.4,,,,,,
176.75,267.23,218.56,202.78,194.62,31.4,,,,,,
177,267.28,218.9,203.06,194.84,31.4,,,,,,
177.25,267.28,219.12,203.34,194.95,31.45,,,,,,
177.5,267.4,219.34,203.51,195.23,31.45,,,,,,
177.75,267.56,219.73,203.84,195.51,31.45,,,,,,
178,267.67,220.06,204.17,195.56,31.45,,,,,,
178.25,267.78,220.45,204.56,195.9,31.45,,,,,,
178.5,267.62,220.78,205.01,196.06,31.45,,,,,,
178.75,267.67,221.06,205.51,196.34,31.51,,,,,,
179,267.62,221.4,206.06,196.51,31.51,,,,,,
179.25,267.67,221.73,206.67,196.67,31.51,,,,,,
179.5,267.95,222.12,207.4,196.9,31.51,,,,,,
179.75,268.28,222.56,208.06,197.17,31.51,,,,,,
180,268.28,222.9,208.78,197.4,31.56,,,,,,
180.25,268.12,223.23,209.78,197.4,31.56,,,,,,
180.5,268.34,223.56,210.45,197.84,31.56,,,,,,
180.75,268.4,223.9,211.51,198.01,31.56,,,,,,
181,269.01,224.34,212.4,198.06,31.62,,,,,,
181.25,269.28,224.62,213.28,198.45,31.56,,,,,,
181.5,269.84,225.01,214.28,198.73,31.62,,,,,,
181.75,270.12,225.45,215.12,198.67,31.62,,,,,,
182,270.28,225.84,215.67,199.45,31.62,,,,,,
182.25,270.73,226.17,216.06,199.67,31.62,,,,,,
182.5,271.17,226.51,216.56,200.12,31.62,,,,,,
182.75,271.34,226.84,216.9,200.4,31.67,,,,,,
183,271.62,227.34,217.28,200.78,31.67,,,,,,
183.25,271.62,227.67,217.67,201.23,31.67,,,,,,
183.5,271.67,227.9,217.9,201.45,31.67,,,,,,
183.75,271.73,228.28,218.23,201.78,31.67,,,,,,
184,271.84,228.62,218.4,202.06,31.67,,,,,,
184.25,272.23,229.01,218.9,202.34,31.73,,,,,,
184.5,272.4,229.45,219.45,202.56,31.73,,,,,,
184.75,272.62,230.01,220.12,202.9,31.73,,,,,,
185,272.56,230.84,220.9,203.28,31.73,,,,,,
185.25,272.51,231.67,221.62,203.45,31.78,,,,,,
185.5,272.51,232.67,222.17,203.67,31.73,,,,,,
185.75,272.56,233.62,222.67,203.84,31.78,,,,,,
186,272.62,234.67,223.06,204.12,31.78,,,,,,
186.25,272.62,235.51,223.45,204.4,31.78,,,,,,
186.5,272.73,236.28,223.67,204.84,31.78,,,,,,
186.75,272.73,236.9,223.9,205.28,31.84,,,,,,
187,272.73,237.4,224.12,205.67,31.78,,,,,,
187.25,272.73,237.73,224.4,205.95,31.84,,,,,,
187.5,272.73,237.95,224.56,206.23,31.84,,,,,,
187.75,272.67,238.12,224.84,206.51,31.84,,,,,,
188,272.78,238.23,225.23,206.78,31.84,,,,,,
188.25,272.78,238.17,225.73,207.34,31.9,,,,,,
188.5,272.84,238.17,226.34,207.78,31.9,,,,,,
188.75,272.67,238.17,226.95,208.28,31.9,,,,,,
189,272.51,238.17,227.51,208.56,31.9,,,,,,
189.25,272.28,238.28,227.9,209.01,31.9,,,,,,
189.5,272.4,238.45,228.4,209.34,31.9,,,,,,
189.75,272.28,238.56,228.67,209.73,31.95,,,,,,
190,272.12,238.62,228.9,210.17,31.95,,,,,,
190.25,271.95,238.84,229.06,210.51,31.95,,,,,,
190.5,271.9,239.01,229.34,210.78,31.95,,,,,,
190.75,271.73,239.17,229.56,211.17,31.95,,,,,,
191,271.67,239.45,229.78,211.56,32.01,,,,,,
191.25,271.4,239.62,230.06,211.73,32.01,,,,,,
191.5,271.23,239.95,230.4,211.95,32.01,,,,,,
191.75,271.01,240.06,230.84,212.17,32.01,,,,,,
192,270.78,240.17,231.28,212.4,32.01,,,,,,
192.25,270.45,240.34,231.84,212.73,32.06,,,,,,
192.5,270.12,240.56,232.28,213.01,32.06,,,,,,
192.75,269.84,240.84,232.62,213.28,32.06,,,,,,
193,269.73,241.06,233.01,213.67,32.06,,,,,,
193.25,269.56,241.17,233.23,213.84,32.12,,,,,,
193.5,269.56,241.17,233.34,214.01,32.12,,,,,,
193.75,269.45,241.17,233.45,214.12,32.12,,,,,,
194,269.51,241.34,233.56,214.45,32.12,,,,,,
194.25,269.28,241.4,233.62,214.67,32.12,,,,,,
194.5,268.95,241.34,233.56,214.84,32.12,,,,,,
194.75,268.84,241.45,233.62,215.12,32.17,,,,,,
195,268.51,241.56,233.56,215.17,32.17,,,,,,
195.25,268.34,241.84,233.67,215.45,32.17,,,,,,
195.5,268.23,242.01,233.67,215.78,32.17,,,,,,
195.75,268.06,242.23,233.73,215.95,32.17,,,,,,
196,268.12,242.51,233.84,216.28,32.23,,,,,,
196.25,267.95,242.73,233.9,216.62,32.23,,,,,,
196.5,267.56,242.9,233.95,216.78,32.23,,,,,,
196.75,266.45,243.01,234.06,217.12,32.23,,,,,,
197,266.12,243.28,234.28,217.45,32.23,,,,,,
197.25,265.95,243.45,234.4,217.67,32.23,,,,,,
197.5,265.78,243.67,234.67,218.01,32.28,,,,,,
197.75,263.12,243.9,234.9,218.23,32.28,,,,,,
198,261.23,244.01,235.12,218.4,32.28,,,,,,
198.25,258.51,244.12,235.4,218.67,32.28,,,,,,
198.5,254.23,244.28,235.73,218.95,32.34,,,,,,
198.75,251.56,244.45,236.01,219.17,32.34,,,,,,
199,251.84,244.67,236.4,219.51,32.34,,,,,,
199.25,251.34,244.9,236.84,219.73,32.4,,,,,,
199.5,248.45,245.12,237.23,220.06,32.4,,,,,,
199.75,249.34,245.17,237.51,220.23,32.4,,,,,,
200,247.23,245.34,237.95,220.56,32.4,,,,,,
200.25,244.28,245.56,238.34,220.9,32.4,,,,,,
200.5,246.01,245.73,238.78,221.12,32.4,,,,,,
200.75,246.4,246.01,239.28,221.73,32.45,,,,,,
201,240.73,246.17,239.84,222.01,32.45,,,,,,
201.25,236.28,246.28,240.34,222.4,32.45,,,,,,
201.5,230.06,246.34,240.67,222.73,32.45,,,,,,
201.75,224.34,246.4,240.95,223.01,32.45,,,,,,
202,220.51,246.51,241.17,223.34,32.51,,,,,,
202.25,221.56,246.62,241.56,223.56,32.51,,,,,,
202.5,218.84,246.67,241.73,223.9,32.51,,,,,,
202.75,214.17,246.73,241.9,224.23,32.51,,,,,,
203,210.56,246.78,242.12,224.56,32.56,,,,,,
203.25,201.28,246.84,242.23,224.78,32.56,,,,,,
203.5,197.67,246.9,242.45,225.12,32.56,,,,,,
203.75,200.01,246.95,242.78,225.45,32.56,,,,,,
204,197.9,247.06,243.12,225.78,32.62,,,,,,
204.25,194.4,247.06,243.51,226.01,32.62,,,,,,
204.5,190.62,247.17,243.95,226.28,32.62,,,,,,
204.75,186.34,247.06,244.34,226.4,32.62,,,,,,
205,183.78,247.06,244.67,226.51,32.62,,,,,,
205.25,175.56,247.06,245.12,226.56,32.62,,,,,,
205.5,168.4,247.01,245.28,226.84,32.67,,,,,,
205.75,160.17,246.78,245.45,226.9,32.67,,,,,,
206,152.9,246.56,245.62,226.56,32.67,,,,,,
206.25,147.17,246.28,245.62,226.84,32.67,,,,,,
206.5,142.28,246.01,245.78,226.84,32.73,,,,,,
206.75,137.56,245.67,245.95,226.95,32.73,,,,,,
207,134.56,245.28,246.06,226.95,32.73,,,,,,
207.25,132.4,244.95,246.28,227.01,32.73,,,,,,
207.5,131.28,244.62,246.45,227.12,32.78,,,,,,
207.75,130.17,244.34,246.84,227.17,32.78,,,,,,
208,129.01,244.01,247.06,227.23,32.78,,,,,,
208.25,127.84,243.84,247.34,227.4,32.78,,,,,,
208.5,126.62,243.62,247.73,227.23,32.84,,,,,,
208.75,125.17,243.34,247.9,227.4,32.84,,,,,,
209,124.56,243.12,248.01,227.4,32.84,,,,,,
209.25,123.84,242.84,248.17,227.4,32.84,,,,,,
209.5,122.9,242.56,248.12,227.28,32.84,,,,,,
209.75,122.17,242.34,248.17,227.28,32.9,,,,,,
210,121.06,242.06,248.17,227.17,32.9,,,,,,
210.25,120.34,241.95,248.23,227.28,32.9,,,,,,
210.5,119.62,241.78,248.28,227.23,32.95,,,,,,
210.75,118.9,241.56,248.34,227.17,32.95,,,,,,
211,118.4,241.4,248.45,227.12,32.95,,,,,,
211.25,117.23,241.12,248.67,227.01,32.95,,,,,,
211.5,116.17,240.78,248.78,226.95,33.01,,,,,,
211.75,115.34,240.4,249.01,226.95,33.01,,,,,,
212,114.51,239.95,249.12,226.84,33.01,,,,,,
212.25,114.06,239.56,249.23,226.78,33.06,,,,,,
212.5,113.12,238.84,249.28,226.62,33.06,,,,,,
212.75,112.12,238.12,249.23,226.51,33.06,,,,,,
213,111.4,237.23,249.12,226.34,33.06,,,,,,
213.25,110.23,236.56,249.06,226.17,33.12,,,,,,
213.5,109.78,235.84,249.01,226.01,33.12,,,,,,
213.75,108.95,235.17,248.73,226.01,33.12,,,,,,
214,106.56,234.62,248.51,225.95,33.12,,,,,,
214.25,105.45,234.06,248.23,225.78,33.17,,,,,,
214.5,104.45,233.78,247.9,225.62,33.17,,,,,,
214.75,103.56,233.73,247.62,225.62,33.17,,,,,,
215,103.23,233.56,247.23,225.67,33.23,,,,,,
215.25,101.9,233.45,246.62,225.45,33.23,,,,,,
215.5,101.01,233.4,246.01,225.4,33.23,,,,,,
215.75,99.4,233.34,245.4,225.34,33.23,,,,,,
216,98.17,233.28,244.73,225.34,33.23,,,,,,
216.25,96.9,233.17,244.12,225.23,33.28,,,,,,
216.5,94.95,233.12,243.56,225.01,33.28,,,,,,
216.75,93.17,233.01,243.01,225.12,33.28,,,,,,
217,91.9,232.78,242.45,225.01,33.34,,,,,,
217.25,90.62,232.45,242.12,225.01,33.34,,,,,,
217.5,89.51,232.06,241.67,224.9,33.34,,,,,,
217.75,88.51,231.67,241.28,224.84,33.34,,,,,,
218,86.9,231.23,240.9,224.56,33.4,,,,,,
218.25,85.51,230.84,240.67,224.4,33.4,,,,,,
218.5,83.84,230.34,240.28,224.34,33.4,,,,,,
218.75,82.28,229.84,240.01,224.23,33.4,,,,,,
219,81.01,229.4,239.67,223.78,33.45,,,,,,
219.25,79.51,228.95,239.45,223.62,33.45,,,,,,
219.5,78.12,228.45,239.12,223.56,33.45,,,,,,
219.75,76.95,227.9,238.95,223.34,33.45,,,,,,
220,76.01,227.4,238.84,223.23,33.51,,,,,,
220.25,75.12,226.78,238.56,223.06,33.51,,,,,,
220.5,74.45,226.23,238.28,222.78,33.51,,,,,,
220.75,73.9,225.62,238.17,222.56,33.51,,,,,,
221,73.56,225.01,237.95,222.23,33.56,,,,,,
221.25,73.34,224.28,237.62,221.9,33.56,,,,,,
221.5,72.95,223.67,237.62,221.67,33.62,,,,,,
221.75,72.28,223.01,237.28,221.34,33.62,,,,,,
222,71.9,222.34,237.12,221.12,33.62,,,,,,
222.25,71.9,221.67,236.95,220.84,33.62,,,,,,
222.5,71.4,220.9,236.73,220.56,33.62,,,,,,
222.75,71.17,220.28,236.56,220.4,33.67,,,,,,
223,72.01,219.62,236.4,220.28,33.67,,,,,,
223.25,71.84,218.95,236.23,219.95,33.67,,,,,,
223.5,71.28,218.17,235.95,219.78,33.73,,,,,,
223.75,70.73,217.45,235.78,219.56,33.73,,,,,,
224,70.34,216.56,235.56,219.34,33.73,,,,,,
224.25,70.17,215.78,235.4,219.17,33.78,,,,,,
224.5,70.01,214.95,235.17,218.95,33.78,,,,,,
224.75,69.62,214.12,235.01,218.73,33.78,,,,,,
225,69.28,213.12,234.73,218.4,33.78,,,,,,
225.25,69.73,212.28,234.56,218.17,33.84,,,,,,
225.5,69.78,211.17,234.34,217.73,33.84,,,,,,
225.75,70.56,210.17,234.06,217.45,33.84,,,,,,
226,71.23,209.06,233.73,217.23,33.84,,,,,,
226.25,71.78,208.01,233.45,216.9,33.9,,,,,,
226.5,71.51,206.9,233.17,216.56,33.9,,,,,,
226.75,71.06,205.73,232.9,216.34,33.9,,,,,,
227,70.51,204.56,232.56,215.95,33.95,,,,,,
227.25,69.84,203.45,232.34,215.67,33.95,,,,,,
227.5,69.62,202.28,232.01,215.45,33.95,,,,,,
227.75,68.78,200.9,231.67,215.01,34.01,,,,,,
228,68.95,199.84,231.45,214.67,34.01,,,,,,
228.25,68.73,199.06,231.12,214.23,34.01,,,,,,
228.5,68.73,198.51,230.9,213.95,34.01,,,,,,
228.75,68.56,197.84,230.51,213.51,34.06,,,,,,
229,68.34,197.28,230.28,213.12,34.06,,,,,,
229.25,67.95,196.67,229.95,212.62,34.06,,,,,,
229.5,67.45,196.12,229.73,212.23,34.12,,,,,,
229.75,67.23,195.34,229.28,211.84,34.12,,,,,,
230,67.06,194.73,229.06,211.45,34.12,,,,,,
230.25,66.84,194.01,228.67,211.06,34.12,,,,,,
230.5,66.67,193.34,228.45,210.56,34.17,,,,,,
230.75,66.9,192.45,228.06,209.9,34.17,,,,,,
231,66.95,191.84,227.73,209.4,34.23,,,,,,
231.25,66.95,191.4,227.45,209.12,34.23,,,,,,
231.5,66.67,191.01,227.12,208.78,34.23,,,,,,
231.75,66.78,190.73,226.73,208.45,34.28,,,,,,
232,66.84,190.45,226.45,208.17,34.28,,,,,,
232.25,67.23,190.12,226.01,207.73,34.28,,,,,,
232.5,67.4,189.78,225.67,207.34,34.28,,,,,,
232.75,68.17,189.56,225.4,207.06,34.34,,,,,,
233,69.51,189.01,225.01,206.62,34.34,,,,,,
233.25,70.34,188.45,224.62,206.28,34.34,,,,,,
233.5,71.45,187.73,224.23,205.84,34.4,,,,,,
233.75,71.95,186.95,223.78,205.51,34.4,,,,,,
234,72.62,186.45,223.45,204.9,34.4,,,,,,
234.25,73.4,186.12,223.01,204.51,34.45,,,,,,
234.5,73.73,185.67,222.51,204.06,34.45,,,,,,
234.75,74.45,185.45,222.12,203.67,34.51,,,,,,
235,75.4,184.95,221.62,203.23,34.51,,,,,,
235.25,76.51,184.51,221.23,202.84,34.51,,,,,,
235.5,77.28,183.84,220.67,202.62,34.56,,,,,,
235.75,78.62,183.12,220.28,202.01,34.56,,,,,,
236,79.62,182.17,219.78,201.34,34.56,,,,,,
236.25,80.45,181.17,219.4,200.73,34.62,,,,,,
236.5,81.34,180.17,218.9,200.23,34.62,,,,,,
236.75,82.17,179.01,218.4,199.51,34.62,,,,,,
237,83.06,178.01,217.95,199.06,34.67,,,,,,
237.25,83.62,177.28,217.45,198.84,34.67,,,,,,
237.5,84.34,176.62,217.06,198.4,34.73,,,,,,
237.75,84.67,176.12,216.73,198.06,34.73,,,,,,
238,85.01,175.51,216.17,197.78,34.73,,,,,,
238.25,85.62,175.01,215.78,197.67,34.73,,,,,,
238.5,85.78,174.28,215.34,197.62,34.78,,,,,,
238.75,86.06,173.67,214.95,197.28,34.78,,,,,,
239,86.45,172.73,214.62,197.12,34.78,,,,,,
239.25,86.45,171.78,214.17,196.9,34.84,,,,,,
239.5,86.78,170.78,213.84,196.56,34.84,,,,,,
239.75,87.06,169.84,213.4,196.01,34.9,,,,,,
240,86.78,168.67,213.01,195.56,34.9,,,,,,
240.25,87.28,168.01,212.56,195.17,34.9,,,,,,
240.5,87.45,167.56,212.23,194.73,34.9,,,,,,
240.75,87.45,167.12,211.84,194.34,34.95,,,,,,
241,87.51,166.9,211.51,193.95,34.95,,,,,,
241.25,87.56,166.51,211.28,193.67,35.01,,,,,,
241.5,87.62,166.28,210.9,193.56,35.01,,,,,,
241.75,87.45,165.51,210.56,193.28,35.01,,,,,,
242,87.45,164.9,210.23,193.12,35.01,,,,,,
242.25,87.23,163.9,209.95,192.9,35.06,,,,,,
242.5,87.12,162.95,209.56,192.73,35.06,,,,,,
242.75,87.12,162.23,209.34,192.4,35.12,,,,,,
243,87.01,161.51,208.95,192.06,35.12,,,,,,
243.25,86.84,161.12,208.62,191.9,35.12,,,,,,
243.5,86.84,160.84,208.34,191.62,35.17,,,,,,
243.75,86.73,160.51,208.01,191.23,35.17,,,,,,
244,86.56,160.56,207.67,190.95,35.17,,,,,,
244.25,86.56,160.73,207.34,190.67,35.23,,,,,,
244.5,85.95,160.73,207.01,190.23,35.23,,,,,,
244.75,85.23,160.67,206.56,189.95,35.23,,,,,,
245,84.67,160.51,206.28,189.62,35.28,,,,,,
245.25,84.23,160.06,206.01,189.45,35.28,,,,,,
245.5,83.62,159.62,205.62,189.34,35.28,,,,,,
245.75,82.73,159.17,205.34,189.23,35.34,,,,,,
246,82.17,158.34,205.01,188.84,35.34,,,,,,
246.25,81.4,157.95,204.51,188.34,35.34,,,,,,
246.5,81.01,157.45,204.23,188.12,35.4,,,,,,
246.75,80.67,156.9,203.9,187.95,35.4,,,,,,
247,79.84,156.45,203.51,187.67,35.45,,,,,,
247.25,79.12,156.28,203.23,187.56,35.45,,,,,,
247.5,78.62,156.06,202.73,187.23,35.51,,,,,,
247.75,78.06,155.9,202.28,186.95,35.51,,,,,,
248,77.67,155.4,201.78,186.56,35.51,,,,,,
248.25,77.45,155.51,201.45,186.23,35.51,,,,,,
248.5,77.06,155.73,201.06,185.84,35.56,,,,,,
248.75,76.9,156.17,200.73,185.45,35.56,,,,,,
249,76.67,156.78,200.4,185.01,35.62,,,,,,
249.25,76.34,157.51,200.06,184.45,35.62,,,,,,
249.5,76.06,158.17,199.67,184.01,35.62,,,,,,
249.75,75.62,158.73,199.28,183.78,35.67,,,,,,
250,75.4,159.45,198.95,183.56,35.67,,,,,,
250.25,75.28,160.01,198.62,183.34,35.67,,,,,,
250.5,75.01,160.45,198.28,183.17,35.73,,,,,,
250.75,75.12,161.06,197.9,183.01,35.73,,,,,,
251,74.45,161.51,197.56,182.78,35.78,,,,,,
251.25,73.9,162.01,197.06,182.56,35.78,,,,,,
251.5,73.95,162.51,196.73,182.23,35.78,,,,,,
251.75,73.84,162.9,196.4,181.95,35.84,,,,,,
252,73.67,163.4,196.06,181.67,35.84,,,,,,
252.25,72.95,163.73,195.78,181.4,35.9,,,,,,
252.5,72.67,164.12,195.51,181.34,35.9,,,,,,
252.75,72.06,164.45,195.17,181.12,35.9,,,,,,
253,71.01,164.73,194.9,181.01,35.95,,,,,,
253.25,70.4,165.01,194.56,180.84,35.95,,,,,,
253.5,69.67,165.17,194.28,180.78,36.01,,,,,,
253.75,68.73,165.28,194.06,180.67,36.01,,,,,,
254,68.01,165.4,193.78,180.51,36.06,,,,,,
254.25,67.23,165.23,193.4,180.34,36.06,,,,,,
254.5,66.67,165.23,193.12,180.23,36.06,,,,,,
254.75,66.28,165.12,192.84,180.01,36.12,,,,,,
255,66.17,164.95,192.62,179.9,36.12,,,,,,
255.25,66.01,164.78,192.28,179.78,36.17,,,,,,
255.5,65.95,164.56,191.95,179.62,36.17,,,,,,
255.75,65.95,164.4,191.67,179.51,36.23,,,,,,
256,65.78,164.06,191.4,179.34,36.23,,,,,,
256.25,65.56,163.84,191.06,179.23,36.23,,,,,,
256.5,65.45,163.73,190.78,179.01,36.28,,,,,,
256.75,65.23,163.45,190.45,179.01,36.28,,,,,,
257,65.17,163.12,190.23,178.73,36.28,,,,,,
257.25,65.01,162.73,189.95,178.51,36.34,,,,,,
257.5,64.67,162.23,189.73,178.45,36.34,,,,,,
257.75,64.12,161.67,189.45,178.23,36.4,,,,,,
258,63.9,161.06,189.06,178.01,36.4,,,,,,
258.25,63.73,160.51,188.95,177.84,36.4,,,,,,
258.5,63.23,159.34,188.56,177.56,36.45,,,,,,
258.75,63.06,158.51,188.34,177.4,36.45,,,,,,
259,62.84,157.51,188.06,177.17,36.51,,,,,,
259.25,62.51,156.67,187.78,176.95,36.51,,,,,,
259.5,62.45,156.34,187.51,176.67,36.51,,,,,,
259.75,62.28,156.12,187.23,176.4,36.56,,,,,,
260,62.28,155.84,186.9,175.9,36.56,,,,,,
260.25,62.34,155.73,186.62,175.78,36.62,,,,,,
260.5,62.23,155.34,186.4,175.4,36.62,,,,,,
260.75,62.12,154.78,186.06,175.01,36.62,,,,,,
261,62.23,154.23,185.78,174.73,36.67,,,,,,
261.25,62.34,153.56,185.45,174.45,36.67,,,,,,
261.5,62.4,152.78,185.28,174.01,36.73,,,,,,
261.75,62.34,151.4,185.01,173.78,36.73,,,,,,
262,62.28,150.12,184.67,173.4,36.78,,,,,,
262.25,62.45,148.95,184.4,172.9,36.78,,,,,,
262.5,62.34,148.34,184.12,172.73,36.78,,,,,,
262.75,62.23,147.95,183.78,172.62,36.84,,,,,,
263,62.12,147.78,183.56,172.34,36.84,,,,,,
263.25,61.78,147.73,183.34,172.12,36.9,,,,,,
263.5,61.51,147.56,182.95,171.84,36.9,,,,,,
263.75,61.28,147.34,182.67,171.51,36.95,,,,,,
264,61.12,147.01,182.34,171.17,36.95,,,,,,
264.25,60.84,146.4,182.01,170.84,36.95,,,,,,
264.5,60.73,145.62,181.67,170.62,37.01,,,,,,
264.75,60.73,145.06,181.4,170.34,37.01,,,,,,
265,60.78,144.84,181.17,169.9,37.06,,,,,,
265.25,60.56,144.62,180.78,169.56,37.06,,,,,,
265.5,60.62,144.51,180.56,169.28,37.06,,,,,,
265.75,60.62,144.4,180.23,169.12,37.12,,,,,,
266,60.78,144.28,179.9,168.73,37.12,,,,,,
266.25,61.01,144.06,179.62,168.51,37.17,,,,,,
266.5,61.01,143.78,179.23,168.28,37.17,,,,,,
266.75,61.06,142.95,178.9,168.01,37.23,,,,,,
267,61.17,142.28,178.56,167.78,37.23,,,,,,
267.25,61.34,141.51,178.23,167.34,37.23,,,,,,
267.5,61.51,141.01,177.9,167.01,37.28,,,,,,
267.75,62.06,140.56,177.56,166.28,37.28,,,,,,
268,62.23,140.45,177.23,166.12,37.34,,,,,,
268.25,62.62,140.17,176.84,165.84,37.34,,,,,,
268.5,63.17,140.01,176.51,165.56,37.4,,,,,,
268.75,64.12,139.9,176.23,165.56,37.4,,,,,,
269,65.01,139.67,175.9,165.17,37.45,,,,,,
269.25,65.78,139.17,175.67,164.9,37.45,,,,,,
269.5,66.73,138.4,175.4,164.67,37.51,,,,,,
269.75,67.73,137.51,175.17,164.45,37.51,,,,,,
270,68.56,136.56,174.9,164.06,37.56,,,,,,
270.25,69.73,135.73,174.56,163.62,37.56,,,,,,
270.5,70.84,134.67,174.28,163.01,37.62,,,,,,
270.75,71.56,134.01,174.06,162.73,37.62,,,,,,
271,72.17,133.56,173.9,162.28,37.67,,,,,,
271.25,72.95,133.51,173.62,161.73,37.67,,,,,,
271.5,73.45,133.51,173.4,161.23,37.67,,,,,,
271.75,73.78,133.62,173.23,160.78,37.73,,,,,,
272,73.9,133.56,172.95,160.45,37.73,,,,,,
272.25,74.45,133.4,172.9,160.28,37.78,,,,,,
272.5,74.84,132.95,172.67,160.17,37.78,,,,,,
272.75,75.23,132.28,172.45,160.01,37.78,,,,,,
273,75.78,131.67,172.28,159.9,37.84,,,,,,
273.25,75.78,130.9,172.06,159.73,37.9,,,,,,
273.5,75.62,130.28,171.84,159.45,37.9,,,,,,
273.75,75.78,129.73,171.73,159.17,37.9,,,,,,
274,75.9,129.17,171.51,158.78,37.95,,,,,,
274.25,75.56,129.06,171.45,158.67,37.95,,,,,,
274.5,74.06,129.17,171.34,158.51,38.01,,,,,,
274.75,72.45,129.28,171.23,158.28,38.01,,,,,,
275,71.45,129.34,171.06,158.01,38.01,,,,,,
275.25,71.12,129.28,170.95,157.78,38.06,,,,,,
275.5,70.9,128.9,170.78,157.51,38.06,,,,,,
275.75,70.73,128.4,170.67,157.28,38.12,,,,,,
276,69.9,128.06,170.51,157.12,38.12,,,,,,
276.25,69.12,127.4,170.4,156.95,38.17,,,,,,
276.5,70.45,126.78,170.17,156.67,38.17,,,,,,
276.75,71.17,126.4,170.01,156.34,38.23,,,,,,
277,72.45,126.01,169.78,156.01,38.23,,,,,,
277.25,73.34,125.51,169.51,155.56,38.23,,,,,,
277.5,74.34,125.4,169.34,155.51,38.28,,,,,,
277.75,75.51,125.62,169.17,155.23,38.34,,,,,,
278,76.4,125.9,168.84,154.9,38.34,,,,,,
278.25,77.45,126.4,168.62,154.73,38.34,,,,,,
278.5,77.67,127.06,168.28,154.56,38.4,,,,,,
278.75,77.56,127.73,168.06,154.23,38.4,,,,,,
279,77.78,128.34,167.95,154.01,38.45,,,,,,
279.25,77.9,128.9,167.56,153.67,38.45,,,,,,
279.5,77.84,129.51,167.28,153.56,38.51,,,,,,
279.75,77.67,130.12,167.01,153.28,38.51,,,,,,
280,77.45,130.62,166.84,152.9,38.56,,,,,,
280.25,77.01,131.06,166.51,152.73,38.56,,,,,,
280.5,76.78,131.51,166.23,152.4,38.62,,,,,,
280.75,76.4,131.95,166.01,152.12,38.62,,,,,,
281,76.01,132.34,165.73,151.78,38.67,,,,,,
281.25,75.45,132.62,165.4,151.4,38.67,,,,,,
281.5,75.62,132.9,165.06,151.12,38.67,,,,,,
281.75,75.62,133.06,164.84,150.73,38.73,,,,,,
282,75.4,133.23,164.51,150.45,38.73,,,,,,
282.25,75.62,133.4,164.23,150.17,38.78,,,,,,
282.5,75.51,133.51,163.9,149.84,38.78,,,,,,
282.75,75.06,133.62,163.62,149.62,38.84,,,,,,
283,74.51,133.78,163.28,149.28,38.84,,,,,,
283.25,74.67,134.01,163.01,149.17,38.9,,,,,,
283.5,74.51,134.23,162.73,148.9,38.9,,,,,,
283.75,73.78,134.34,162.28,148.67,38.95,,,,,,
284,73.23,134.51,162.01,148.56,39.01,,,,,,
284.25,72.45,134.73,161.84,148.51,39.01,,,,,,
284.5,71.17,134.84,161.56,148.45,39.06,,,,,,
284.75,70.56,134.95,161.28,148.4,39.06,,,,,,
285,69.95,135.01,161.12,148.34,39.06,,,,,,
285.25,69.56,135.12,160.95,148.34,39.12,,,,,,
285.5,69.34,135.23,160.78,148.28,39.12,,,,,,
285.75,68.17,135.28,160.62,148.17,39.17,,,,,,
286,67.01,135.45,160.45,148.12,39.17,,,,,,
286.25,66.06,135.45,160.17,148.01,39.17,,,,,,
286.5,65.9,135.45,160.01,147.95,39.23,,,,,,
286.75,65.23,135.51,159.78,147.78,39.28,,,,,,
287,65.23,135.51,159.62,147.78,39.28,,,,,,
287.25,64.95,135.62,159.45,147.67,39.34,,,,,,
287.5,64.84,135.67,159.23,147.67,39.34,,,,,,
287.75,64.12,135.62,159.01,147.51,39.4,,,,,,
288,64.62,135.62,158.78,147.56,39.4,,,,,,
288.25,64.73,135.67,158.62,147.45,39.45,,,,,,
288.5,64.51,135.62,158.28,147.34,39.45,,,,,,
288.75,64.67,135.62,158.12,147.17,39.45,,,,,,
289,65.45,135.62,157.84,147.01,39.51,,,,,,
289.25,65.4,135.62,157.67,146.95,39.56,,,,,,
289.5,63.95,135.62,157.34,146.9,39.56,,,,,,
289.75,62.84,135.62,157.12,146.84,39.56,,,,,,
290,61.67,135.62,156.84,146.73,39.62,,,,,,
290.25,60.56,135.62,156.73,146.67,39.62,,,,,,
290.5,59.9,135.67,156.62,146.56,39.67,,,,,,
290.75,58.67,135.67,156.34,146.51,39.67,,,,,,
291,56.73,135.67,156.17,146.34,39.67,,,,,,
291.25,55.06,135.67,156.12,146.23,39.73,,,,,,
291.5,53.95,135.62,155.9,146.06,39.78,,,,,,
291.75,53.9,135.67,155.73,146.01,39.78,,,,,,
292,53.34,135.67,155.67,145.9,39.78,,,,,,
292.25,52.56,135.62,155.51,145.84,39.84,,,,,,
292.5,52.12,135.62,155.34,145.73,39.84,,,,,,
292.75,51.67,135.51,155.17,145.67,39.9,,,,,,
293,51.17,135.45,155.01,145.45,39.9,,,,,,
293.25,50.9,135.45,154.9,145.4,39.95,,,,,,
293.5,50.67,135.34,154.73,145.17,39.95,,,,,,
293.75,51.01,135.23,154.56,144.95,40.01,,,,,,
294,51.17,135.17,154.45,144.9,40.01,,,,,,
294.25,50.67,135.01,154.23,144.73,40.06,,,,,,
294.5,50.17,134.95,154.06,144.51,40.06,,,,,,
294.75,50.56,134.73,153.9,144.4,40.12,,,,,,
295,51.12,134.73,153.78,144.23,40.12,,,,,,
295.25,51.67,134.62,153.62,144.01,40.17,,,,,,
295.5,52.12,134.56,153.56,143.9,40.17,,,,,,
295.75,53.06,134.45,153.34,143.78,40.17,,,,,,
296,53.95,134.34,153.12,143.73,40.23,,,,,,
296.25,54.34,134.17,152.9,143.62,40.23,,,,,,
296.5,54.62,134.01,152.73,143.45,40.28,,,,,,
296.75,55.28,133.84,152.62,143.4,40.28,,,,,,
297,55.67,133.67,152.45,143.28,40.34,,,,,,
297.25,56.01,133.56,152.28,143.17,40.4,,,,,,
297.5,55.67,133.4,152.12,142.95,40.4,,,,,,
297.75,56.51,133.17,152.01,142.73,40.4,,,,,,
298,56.51,133.01,151.78,142.56,40.45,,,,,,
298.25,56.73,132.78,151.67,142.45,40.45,,,,,,
298.5,56.95,132.62,151.56,142.28,40.51,,,,,,
298.75,56.95,132.4,151.34,142.23,40.51,,,,,,
299,57.23,132.06,151.17,142.06,40.56,,,,,,
299.25,57.62,131.78,151.06,141.95,40.56,,,,,,
299.5,57.62,131.62,150.84,141.84,40.62,,,,,,
299.75,58.01,131.28,150.67,141.84,40.62,,,,,,
300,58.34,131.17,150.56,141.78,40.67,,,,,,
300.25,58.12,130.95,150.45,141.62,40.67,,,,,,
300.5,58.28,130.78,150.28,141.62,40.73,,,,,,
300.75,58.34,130.56,150.12,141.51,40.73,,,,,,
301,58.23,130.28,150.01,141.45,40.78,,,,,,
301.25,57.9,130.17,149.78,141.34,40.78,,,,,,
301.5,57.67,130.01,149.67,141.23,40.84,,,,,,
301.75,57.23,129.84,149.51,141.23,40.84,,,,,,
302,57.34,129.67,149.34,141.12,40.9,,,,,,
302.25,57.12,129.51,149.17,140.9,40.9,,,,,,
302.5,56.95,129.28,149.06,140.67,40.9,,,,,,
302.75,57.12,129.06,148.84,140.45,40.95,,,,,,
303,57.12,128.9,148.78,140.28,40.95,,,,,,
303.25,57.34,128.78,148.67,140.01,41.01,,,,,,
303.5,57.4,128.51,148.4,139.95,41.01,,,,,,
303.75,57.01,128.28,148.28,139.84,41.06,,,,,,
304,56.28,128.01,148.12,139.62,41.06,,,,,,
304.25,56.23,127.78,148.01,139.4,41.12,,,,,,
304.5,56.06,127.67,147.84,139.34,41.12,,,,,,
304.75,56.23,127.51,147.67,139.12,41.17,,,,,,
305,56.56,127.28,147.51,139.06,41.17,,,,,,
305.25,56.9,127.06,147.34,138.9,41.23,,,,,,
305.5,57.06,126.9,147.17,138.73,41.23,,,,,,
305.75,57.28,126.62,147.01,138.67,41.23,,,,,,
306,57.4,126.56,146.84,138.51,41.28,,,,,,
306.25,57.34,126.4,146.73,138.4,41.28,,,,,,
306.5,57.56,126.23,146.62,138.12,41.34,,,,,,
306.75,57.67,126.12,146.51,138.06,41.34,,,,,,
307,57.62,125.9,146.28,137.78,41.4,,,,,,
307.25,57.62,125.73,146.12,137.67,41.4,,,,,,
307.5,58.01,125.62,146.01,137.56,41.45,,,,,,
307.75,58.28,125.45,145.84,137.34,41.45,,,,,,
308,58.4,125.45,145.73,137.28,41.51,,,,,,
308.25,57.67,125.28,145.56,137.12,41.51,,,,,,
308.5,57.45,125.23,145.4,137.01,41.56,,,,,,
308.75,57.23,125.12,145.28,136.78,41.56,,,,,,
309,56.84,125.01,145.12,136.62,41.62,,,,,,
309.25,56.9,125.01,145.01,136.4,41.62,,,,,,
309.5,56.73,124.95,144.9,136.17,41.67,,,,,,
309.75,56.78,124.78,144.73,135.95,41.67,,,,,,
310,56.17,124.78,144.56,135.78,41.73,,,,,,
310.25,55.73,124.62,144.4,135.62,41.73,,,,,,
310.5,55.51,124.51,144.23,135.45,41.73,,,,,,
310.75,55.06,124.34,144.12,135.23,41.78,,,,,,
311,54.67,124.17,143.95,135.01,41.84,,,,,,
311.25,54.51,124.17,143.9,135.01,41.84,,,,,,
311.5,54.17,123.95,143.62,134.73,41.9,,,,,,
311.75,53.95,123.95,143.56,134.67,41.9,,,,,,
312,53.78,123.84,143.4,134.45,41.95,,,,,,
312.25,53.84,123.78,143.28,134.23,41.95,,,,,,
312.5,53.95,123.73,143.12,134.06,42.01,,,,,,
312.75,54.06,123.67,142.95,133.9,42.01,,,,,,
313,53.95,123.67,142.9,133.67,42.06,,,,,,
313.25,53.67,123.67,142.78,133.56,42.06,,,,,,
313.5,53.51,123.51,142.62,133.4,42.12,,,,,,
313.75,53.45,123.4,142.45,133.34,42.12,,,,,,
314,53.45,123.34,142.28,133.17,42.12,,,,,,
314.25,53.34,123.23,142.17,133.12,42.17,,,,,,
314.5,53.23,123.17,142.12,133.17,42.17,,,,,,
314.75,52.78,123.51,141.95,133.06,42.23,,,,,,
315,51.84,123.51,141.73,133.01,42.23,,,,,,
315.25,51.01,123.51,141.67,132.95,42.28,,,,,,
315.5,50.28,123.51,141.51,132.9,42.28,,,,,,
315.75,49.78,123.4,141.28,132.78,42.34,,,,,,
316,49.23,123.34,141.12,132.78,42.34,,,,,,
316.25,48.56,123.34,141.01,132.67,42.4,,,,,,
316.5,48.01,123.45,140.84,132.73,42.4,,,,,,
316.75,47.51,123.17,140.45,132.34,42.45,,,,,,
317,47.34,123.12,140.28,132.17,42.45,,,,,,
317.25,46.51,122.95,140.01,132.12,42.51,,,,,,
317.5,45.73,122.73,139.78,131.95,42.51,,,,,,
317.75,44.9,122.51,139.45,131.9,42.56,,,,,,
318,44.01,122.23,139.12,131.78,42.56,,,,,,
318.25,43.28,122.12,138.73,131.67,42.56,,,,,,
318.5,42.45,121.9,138.45,131.56,42.62,,,,,,
318.75,41.78,121.73,138.23,131.45,42.62,,,,,,
319,40.95,121.62,137.9,131.28,42.67,,,,,,
319.25,40.06,121.45,137.62,131.23,42.67,,,,,,
319.5,39.12,121.23,137.4,131.12,42.73,,,,,,
319.75,38.34,121.06,137.17,130.84,42.73,,,,,,
320,37.45,120.78,136.78,130.62,42.78,,,,,,
320.25,37.4,120.62,136.56,130.45,42.78,,,,,,
320.5,38.01,120.51,136.45,130.45,42.78,,,,,,
320.75,38.34,120.34,136.12,130.34,42.84,,,,,,
321,38.28,120.28,136.06,130.12,42.9,,,,,,
321.25,37.62,120.28,135.78,129.95,42.9,,,,,,
321.5,37.45,120.28,135.62,129.78,42.9,,,,,,
321.75,37.06,120.23,135.34,129.67,42.95,,,,,,
322,36.62,120.28,135.01,129.62,42.95,,,,,,
322.25,36.12,120.23,134.78,129.34,43.01,,,,,,
322.5,35.9,120.28,134.62,129.28,43.01,,,,,,
322.75,35.78,120.28,134.45,129.23,43.06,,,,,,
323,35.62,120.28,134.23,129.12,43.06,,,,,,
323.25,35.45,120.12,134.17,128.95,43.12,,,,,,
323.5,35.67,119.95,133.9,128.78,43.12,,,,,,
323.75,35.73,119.9,133.78,128.67,43.12,,,,,,
324,35.62,119.73,133.56,128.51,43.17,,,,,,
324.25,35.4,119.67,133.51,128.4,43.17,,,,,,
324.5,35.45,119.62,133.28,128.17,43.23,,,,,,
324.75,35.9,119.51,133.06,127.95,43.23,,,,,,
325,36.23,119.4,132.9,127.73,43.28,,,,,,
325.25,36.84,119.28,132.67,127.62,43.28,,,,,,
325.5,37.06,119.28,132.56,127.56,43.34,,,,,,
325.75,37.23,119.17,132.4,127.51,43.4,,,,,,
326,37.28,119.01,132.17,127.4,43.4,,,,,,
326.25,37.4,118.9,131.95,127.23,43.45,,,,,,
326.5,37.06,118.73,131.78,127.12,43.45,,,,,,
326.75,36.78,118.56,131.56,126.9,43.51,,,,,,
327,36.51,118.45,131.45,126.84,43.51,,,,,,
327.25,36.06,118.23,131.23,126.62,43.56,,,,,,
327.5,35.67,118.01,131.01,126.45,43.56,,,,,,
327.75,35.17,117.84,130.78,126.28,43.62,,,,,,
328,34.9,117.73,130.67,126.23,43.62,,,,,,
328.25,35.17,117.45,130.45,126.23,43.62,,,,,,
328.5,35.06,117.23,130.34,126.12,43.67,,,,,,
328.75,34.73,117.06,130.17,126.01,43.67,,,,,,
329,34.56,116.9,129.95,125.9,43.73,,,,,,
329.25,34.51,116.67,129.78,125.78,43.73,,,,,,
329.5,34.28,116.51,129.51,125.56,43.78,,,,,,
329.75,34.12,116.45,129.4,125.45,43.78,,,,,,
330,33.4,116.4,129.17,125.17,43.78,,,,,,
330.25,32.84,116.12,129.01,125.06,43.84,,,,,,
330.5,32.17,115.84,128.73,124.78,43.9,,,,,,
330.75,31.62,115.45,128.51,124.45,43.9,,,,,,
331,31.06,115.06,128.17,124.28,43.9,,,,,,
331.25,30.62,114.95,128.17,124.23,43.95,,,,,,
331.5,29.9,114.62,127.9,124.12,43.95,,,,,,
331.75,29.45,114.4,127.73,123.84,44.01,,,,,,
332,29.06,114.06,127.51,123.73,44.01,,,,,,
332.25,28.67,113.73,127.12,123.56,44.06,,,,,,
332.5,28.45,113.45,126.9,123.28,44.06,,,,,,
332.75,28.23,113.28,126.73,123.17,44.12,,,,,,
333,28.17,113.06,126.45,123.01,44.12,,,,,,
333.25,29.62,112.78,126.23,122.73,44.12,,,,,,
333.5,31.51,112.4,126.12,122.67,44.17,,,,,,
333.75,32.06,112.01,125.95,122.56,44.17,,,,,,
334,33.06,111.73,125.78,122.45,44.23,,,,,,
334.25,33.12,111.28,125.51,122.4,44.23,,,,,,
334.5,33.34,110.9,125.28,122.23,44.23,,,,,,
334.75,33.12,110.56,125.01,122.06,44.28,,,,,,
335,33.62,110.28,124.78,121.9,44.34,,,,,,
335.25,34.17,110.01,124.51,121.73,44.34,,,,,,
335.5,34.4,109.67,124.28,121.62,44.34,,,,,,
335.75,33.84,109.4,124.06,121.45,44.4,,,,,,
336,33.62,109.17,123.78,121.34,44.4,,,,,,
336.25,33.62,108.9,123.56,121.12,44.4,,,,,,
336.5,34.84,108.45,123.34,120.9,44.45,,,,,,
336.75,34.78,108.17,123.17,120.73,44.51,,,,,,
337,34.34,108.01,122.95,120.62,44.51,,,,,,
337.25,34.62,107.84,122.78,120.28,44.51,,,,,,
337.5,35.78,107.56,122.56,120.12,44.56,,,,,,
337.75,35.9,107.34,122.45,119.95,44.56,,,,,,
338,35.51,107.01,122.23,119.67,44.62,,,,,,
338.25,35.17,106.84,122.12,119.51,44.62,,,,,,
338.5,34.4,106.56,121.95,119.28,44.62,,,,,,
338.75,33.73,106.17,121.73,119.06,44.67,,,,,,
339,33.17,105.67,121.51,118.9,44.67,,,,,,
339.25,32.28,105.28,121.4,118.73,44.73,,,,,,
339.5,31.62,104.95,121.17,118.51,44.73,,,,,,
339.75,30.73,104.62,120.95,118.28,44.78,,,,,,
340,30.34,104.17,120.84,118.06,44.84,,,,,,
340.25,29.73,103.78,120.73,117.9,44.84,,,,,,
340.5,29.23,103.56,120.51,117.67,44.9,,,,,,
340.75,28.84,103.23,120.28,117.28,44.9,,,,,,
341,28.23,103.06,120.12,116.95,44.9,,,,,,
341.25,27.78,103.06,119.9,116.4,44.95,,,,,,
341.5,27.4,102.84,119.78,116.23,44.95,,,,,,
341.75,27.01,102.73,119.67,116.06,45.01,,,,,,
342,26.73,102.62,119.4,115.73,45.01,,,,,,
342.25,26.34,102.45,119.17,115.51,45.06,,,,,,
342.5,26.12,102.23,119.01,115.17,45.06,,,,,,
342.75,26.06,102.12,118.9,114.78,45.12,,,,,,
343,26.23,101.9,118.67,114.56,45.12,,,,,,
343.25,26.23,101.73,118.4,114.4,45.12,,,,,,
343.5,26.28,101.67,118.23,114.4,45.17,,,,,,
343.75,26.23,101.51,118.01,114.34,45.17,,,,,,
344,26.62,101.34,117.73,114.17,45.23,,,,,,
344.25,26.84,101.28,117.56,113.9,45.23,,,,,,
344.5,26.67,101.28,117.45,113.78,45.28,,,,,,
344.75,26.73,101.23,117.23,113.67,45.28,,,,,,
345,27.34,101.17,117.06,113.56,45.28,,,,,,
345.25,27.17,101.28,116.9,113.51,45.34,,,,,,
345.5,27.06,101.23,116.78,113.34,45.34,,,,,,
345.75,26.84,101.28,116.56,113.28,45.4,,,,,,
346,27.95,101.4,116.4,113.12,45.4,,,,,,
346.25,27.95,101.4,116.12,113.06,45.4,,,,,,
346.5,28.28,101.45,115.95,112.84,45.45,,,,,,
346.75,29.12,101.51,115.78,112.67,45.45,,,,,,
347,29.28,101.56,115.62,112.62,45.51,,,,,,
347.25,29.62,101.45,115.28,112.45,45.51,,,,,,
347.5,29.73,101.17,115.01,112.34,45.56,,,,,,
347.75,29.34,100.95,114.84,112.12,45.56,,,,,,
348,28.84,100.67,114.4,112.01,45.56,,,,,,
348.25,28.67,100.4,114.01,111.73,45.62,,,,,,
348.5,28.67,100.06,113.62,111.51,45.62,,,,,,
348.75,29.4,99.67,113.4,111.4,45.67,,,,,,
349,29.17,99.45,113.12,111.28,45.67,,,,,,
349.25,29.56,99.23,112.95,111.28,45.67,,,,,,
349.5,29.56,99.06,112.78,111.01,45.73,,,,,,
349.75,29.62,98.95,112.67,111.01,45.78,,,,,,
350,29.56,98.78,112.51,110.84,45.78,,,,,,
350.25,29.67,98.78,112.45,110.84,45.78,,,,,,
350.5,29.56,98.73,112.34,110.67,45.84,,,,,,
350.75,29.4,98.67,112.17,110.56,45.84,,,,,,
351,29.23,98.45,112.01,110.4,45.84,,,,,,
351.25,29.17,98.45,112.01,110.34,45.9,,,,,,
351.5,28.9,98.28,111.73,110.23,45.9,,,,,,
351.75,28.67,98.45,111.73,110.12,45.95,,,,,,
352,28.51,98.4,111.67,109.95,45.95,,,,,,
352.25,28.34,98.12,111.51,109.9,45.95,,,,,,
352.5,28.17,98.34,111.4,109.78,46.01,,,,,,
352.75,28.06,98.78,111.34,109.73,46.01,,,,,,
353,27.9,98.4,111.06,109.56,46.06,,,,,,
353.25,27.73,98.73,111.01,109.56,46.06,,,,,,
353.5,27.62,98.95,110.9,109.4,46.12,,,,,,
353.75,27.51,99.12,110.73,109.28,46.12,,,,,,
354,27.4,99.12,110.51,109.17,46.12,,,,,,
354.25,27.4,99.06,110.4,109.12,46.17,,,,,,
354.5,27.34,99.23,110.23,108.95,46.17,,,,,,
354.75,27.34,99.4,110.28,108.95,46.23,,,,,,
355,27.28,99.4,110.12,108.84,46.23,,,,,,
355.25,27.17,99.34,110.01,108.73,46.28,,,,,,
355.5,27.01,99.28,109.9,108.51,46.28,,,,,,
,,,,,,,,,,,
lNumberOfTimeStampledKICprobeDataPoints=0,,,,,,,,,,,
Time,,,,,,,,,,,
